text	Joy	Fear	Anger	Sadness	Disgust	Surprise
Всім хорошого ранку і гарних вихідних! ;)	1	0	0	0	0	0
Боже, через це сонечко почуваюся живою!	1	0	0	0	0	0
Він мені теж сподобався, навіть більше ніж вітрівка.	1	0	0	0	0	0
 і харашо) я б теж зараз з"їла, але нема)	1	0	0	1	0	0
таа, небо сьогодні було прекрасне :з це типу ноуфільтр, чи як сказати)	1	0	0	0	0	0
психологічна консультація опівночі під воротами була приємно винагороджена	1	0	0	0	0	0
Я зараз помру від щастя	1	0	0	0	0	0
це справді приємно, людей ніхто ж не заставляє :)	1	0	0	0	0	0
сьогодні сонячно :) сиджу на горі, ловлю lіfе і медитую:)	1	0	0	0	0	0
п'ятниця 13, а в мене чудовий день, я повна сил, настрій на висоті і я вже стільки зробила.	1	0	0	0	0	0
Обожнюю погоду +16 з сірим небом та шаленим вітром	1	0	0	0	0	0
Перше моє архітектурне кохання :)	1	0	0	0	0	0
Дядько в поїзді розказує,як він в селі з ракетниці стріляв:D	1	0	0	0	0	0
А ще я обожнюю, коли папа раз в тищюпітсот лєт дає мені гроші, а мама їх прикарманює.	1	0	0	0	0	0
Ресторан в укр.стилі,а ми маемо бути в маскараді:)	1	0	0	0	0	0
гг,лякали тим місяцем тиждень,а такий день і вечір сьодня файний)	1	0	0	0	0	0
до біса чудовий день, от зараз справді літо. і так, з розділу випадкових фото, які виглядають досить непогано.	1	0	0	0	0	0
посміхаюсь від твоїх смс, дурочка	1	0	0	0	0	0
то він вже за любою сестричкою скучив)	1	0	0	0	0	0
ух! з легким паром мене!	1	0	0	0	0	0
Вирішила додати трішки лімончелло і не прогадала:)	1	0	0	0	0	0
Смачної кави, толкових колег, вірних друзів поряд))) Всі зірки падають до твоїх ніг;)	1	0	0	0	0	0
аж не віриться, шо ти приїдеш і я тебе потрогаю)	1	0	0	0	0	1
цей момент ...коли мама присилає смайлик...а в мене стара версія скайпа)))))	1	0	0	0	0	0
Дякую хорошим людям,що мене приняли на ніч,нагодували,кавою напоїли:)	1	0	0	0	0	0
та ні, побажання на весь наступний день ;)	1	0	0	0	0	0
до сліз, це поки найсмішніший твіт з усієї стрічки	1	0	0	0	0	0
сподобався...дуже все акуратне)) а люду мало і ввечері  в суботу майже все закрите))	1	0	0	0	0	0
Сергійку! сьогодні в тебе день Ангела))) вітаю!	1	0	0	0	0	0
кум мене любить, не ображає:))	1	0	0	0	0	0
Це було дуже весело) Дякую, пацани !!!	1	0	0	0	0	0
То саме головне ^___^ RT :  Мені дуууже сподобався!	1	0	0	0	0	0
і доречі була в Копальні кави. там такиииииий запах.	1	0	0	0	0	0
здала екзамен з журналістики. в андрія святкуєм :з	1	0	0	0	0	0
маю крутезного вчителя з правознавства і надзвичайно тому рада.  добре, що це більше не та відьма-вчителька-права, яка була з 6 класу.	1	0	0	0	0	0
"Територія кайфу" ну хіба не звучить? )))	1	0	0	0	0	0
ти би дето в профілі написав шо ти бивший танкіст гг, а то ж ніхто не зна	1	0	0	0	0	0
привітала тата з днем Батька ))) тішиться)	1	0	0	0	0	0
мені здається я говорю більше ніж ти ;)	1	0	0	0	0	0
вампіри п"ють кров, а архітектори туш...))	1	0	0	0	0	0
Хоч я обожнюю працювати з дітьми	1	0	0	0	0	0
це дуже підняло мені настрій	1	0	0	0	0	0
в селі також мало)) і тобі Веселих Свят!	1	0	0	0	0	0
Якщо вірити всьому, що відбувається в житті у людей з якими я зустрічалась, то скоро ти станеш щасливою	1	0	0	0	0	0
це ще не найгірший варіант))	1	0	0	0	0	0
Вау  ВАУВАУВАУ Тре це зробити	1	0	0	0	0	0
мені подобається хід твоїх думок)	1	0	0	0	0	0
клас! там наші козаки. що листа пишуть... султану!	1	0	0	0	0	0
Весь тред смішний і хороший	1	0	0	0	0	0
Віта: *з посмішкою на все лице* доброго ранку! в мене також жахливий день, я також нещасна.	1	0	0	0	0	0
так я теж) *в будь-якому випадку - удачі	1	0	0	0	0	0
Відчуваю, що маю віддячити за всі відгуки) Ера Facebook.	1	0	0	0	0	0
(y) (y) (y) Дуже потішила львівська говірка "Q" :D "Це все-медовуха!" 	1	0	0	0	0	0
скоро побачу Влада, я щаслів	1	0	0	0	0	0
годую усіх святковим олів"є,всі щасливі :)	1	0	0	0	0	0
ой!! а я подарунок досі не відкрила!!)))) і конверти не відкрила)))	1	0	0	0	0	0
забрала посилку! дуже дякую! ))	1	0	0	0	0	0
Це спасає мої очі щоранку і щовечора!	1	0	0	0	0	0
Просто чудо, наступний урок як раз таки відмінили.	1	0	0	0	0	0
так сильно мене любиш. пріятно)	1	0	0	0	0	0
добре, що від позитивних емоцій нема передозу)))) Дякую, тезко.	1	0	0	0	0	0
вмикаєш Ляпіс і почуваєшся щасливою!	1	0	0	0	0	0
Валіки зробили наш вечір:)	1	0	0	0	0	0
дуже дякую, надзвичайно приємно С:	1	0	0	0	0	0
чудово, тобі подобається! ти там житимеш	1	0	0	0	0	0
 , залишайся такою ж милою та прекрасною :3 З днем народження тебе	1	0	0	0	0	0
з Новим роком тебе :)	1	0	0	0	0	0
RT : втілено перший мій проект на новій роботі... дрібниця, а приємно...	1	0	0	0	0	0
То про нас  Практика буде весела))	1	0	0	0	0	0
сподобалось те, що бачив в трейлерах. алсо, сама ідея цікава. алсо – на пєка хєр що виходило останнім часом цікаве.	1	0	0	0	0	0
ай да да хто мені третю сотню фоловерів відкрив. це к добру вєрняк.	1	0	0	0	0	0
вітаю!!! хто там у вас?))	1	0	0	0	0	0
(а ще мені подобаються ці кеди)	1	0	0	0	0	0
Завдяки  відновила прийом ліків;) і щоразу згадую синичку)	1	0	0	0	0	0
З днем народження, кицю   Щастя тобі :3 Кохай і будь коханою 	1	0	0	0	0	0
я ще салат робила:) смачного мені))	1	0	0	0	0	0
та ладно, я бичі яйка хрумала. мені вже ніц не страшно)	1	0	0	0	0	0
побачила вдома новорічну листівку від  )) дякую!	1	0	0	0	0	0
в Тернополі в мене є нові друзі ))	1	0	0	0	0	0
А мені - смакота нереальна.	1	0	0	0	0	0
RT : дорогі українські твіттеряне вітаю вас сердечно з Великоднем! мирного неба! багатої душі вам!)	1	0	0	0	0	0
вітання всім від мене ;)	1	0	0	0	0	0
RT : RT  Всіх вітаю з 68 річницею створення Української Повстанської Армії!	1	0	0	0	0	0
дякую, за теплі слова ^^	1	0	0	0	0	0
Расслабся, мені може бути влом шось видумувати, то я так лякаю тіки)	1	0	0	0	0	0
гарна погода, можна пройтись додому :)	1	0	0	0	0	0
так дивно, коли підходить незнайома людина і каже «а я тебе знаю, ти Наталія Піскова. я тебе колись фоловив і шось реплаїв» :))	1	0	0	0	0	0
Треба було ще псіханути і купити таки київський торт)	1	0	0	0	0	0
Так) на днях переживлялась архів) то було сторіс в інста, але я завантажила, бо ви мєгакльові	1	0	0	0	0	0
спасибі, це так милоооо :з	1	0	0	0	0	0
хоча мені ота розмальовка всл з цифрами крепко до вподоби. мій уравєнь якраз)	1	0	0	0	0	0
RT  бармуша шлак не робить)) мені приємно, дякую.	1	0	0	0	0	0
швидкого одужання!!! і щоб такий екстрім ніколи-ніколи не посторювався, бажаю:)	1	0	0	0	0	0
я зранку снідала зожною вівсянкою, а в обід подруга потягнула в макдо)	1	0	0	0	0	0
зараз у вікні просто фантастичний пейзаж!	1	0	0	0	0	0
ти вибач, тобі боляче, але я не можу не сказати, що знову бачу в цьому підтекст :D	1	0	0	0	0	0
бачу всі живі і в зборі)))це дуже добре))	1	0	0	0	0	0
я сьогодні купила собі пачечку і тішусь, як дурне	1	0	0	0	0	0
круто! я так хотіла щоб комусь в наголі стало) ще виношую ідею чоловічих подарунків)	1	0	0	0	0	0
Ну шо, з Новим Роком.	1	0	0	0	0	0
Закохалася в цю фотосесію Яни:)	1	0	0	0	0	0
Я ж кожним днем буду любити тебе все більше,обіцяю ) Нам разом буде добре 	1	0	0	0	0	0
Ооо то вже взагалі файно	1	0	0	0	0	0
йду на Бунюеля. сама, але щаслива, бо йду:)	1	0	0	0	0	0
Оооо Богданчик  в ефірі, буде весело)	1	0	0	0	0	0
Так гарно було без тої спеки.	1	0	0	0	0	0
піднімаю собі настрій, купуючи подаруночки іншим людям.	1	0	0	0	0	0
це єдине що радує)) ще є парламент)	1	0	0	0	0	0
мерсі) твій ретвіт точно має допомогти :)	1	0	0	0	0	0
головний герой прям як я - прєвазмагая боль рішає діла.  дякую за подгон, сподобався	1	0	0	0	0	0
Нє,ви просто не розумієте яка я щаслива) я з добрий рік перший томик шукала	1	0	0	0	0	0
З днем народження, котику  , щастя тобі :	1	0	0	0	0	0
раз всі вітають то і я вітаю!	1	0	0	0	0	0
В маршрутці ажіотаж,мене здушили,як пончик в сумцї )	1	0	0	0	0	0
-солодких снів -на добраніч. окремо *дікій ржач* 	1	0	0	0	0	0
Хей, , з Днем Народження тебе  Залишайся такою щирою та ніколи не кидай тві :з Сподіваюсь, ти провела цей день із посмішкою	1	0	0	0	0	0
Вітаю з Днем народження !Ту,що робить файних совенят і може й мене колись навчить;)	1	0	0	0	0	0
як на перший раз - дуже смачно;))	1	0	0	0	0	0
Ранок сонячний, гарний і все було б чудово якби не зник Wi-Fi.	1	0	0	0	0	0
у це також, але і дуже смачні)	1	0	0	0	0	0
Всі такі привітні, вітаються, на підйомі.	1	0	0	0	0	0
Я от на городі щавель пожираю і норм ;)	1	0	0	0	0	0
+5 RT :  Дякую за гарний настрій)	1	0	0	0	0	0
ти не розумієш, жінки для фото так нарядилися )	1	0	0	0	0	0
А це я, на своє день народження, радію квесту, який придумали друзі	1	0	0	0	0	0
Всім привіт і гарного дня!	1	0	0	0	0	0
Вітаю з святом та бажаю побільше любові і бананів та поменше роботи й помилок в дипломі  Загалом, щастя тобі, Лінія Мажино.	1	0	0	0	0	0
Подивись на котейку і посміхнись :	1	0	0	0	0	0
Там ще і гуцулки є :)	1	0	0	0	0	0
за 10 хвилин справились з непадлєжащим порядком і чистотою)	1	0	0	0	0	0
Тася у Львові = Джо щаслива:з	1	0	0	0	0	0
там така дівчинка гарна)))і торент качається)	1	0	0	0	0	0
о то це прекрасно) Приходьте до нас на турнір з петанку до Порохової вежі;)	1	0	0	0	0	0
потрачу годинку на історію, дістану свого прекрасного велосипеда і повалю насолоджуватись природою :з	1	0	0	0	0	0
мені не сумно зараз, в мене завтра екзамен))	1	0	0	0	0	0
я: *пишу смс і усміхаюсь* мала(5років): *дивиться підозрілим поглядом* може ти в когось влюбилаааась?!	1	0	0	0	0	0
ооо да ) І форма загалом в них гарна!	1	0	0	0	0	0
ну якшо не підсолити то і цвітна капуста -  трава)	1	0	0	0	0	0
Тримайте привітання всі любителі синичок!	1	0	0	0	0	0
Гарно розпочати завтра новий тиждень =* цьомки	1	0	0	0	0	0
супер, на ці вихідні ми запланували в столицю, а ще на наступні спокійно можемо чекати гостей ;)	1	0	0	0	0	0
Забираю свої слова назад, в цьому топіку смішні коменти.	1	0	0	0	0	0
Я просто в захваті від таких інтернет магазинів як .	1	0	0	0	0	0
Перший раз запікала качку.Підгоріла,не правильно замотала фольгою,на смак ше не знаю:)	1	0	0	0	0	0
Вовчик купив мені величезну пляшку бухлішка.	1	0	0	0	0	0
Так мені більше подобається:)продовжуй!гарно виходить!	1	0	0	0	0	0
сьогодні день поцілунків, тому я йду цілувати свого котіка	1	0	0	0	0	0
знайшла в Карі три пари за 55, щітаю ета успєх	1	0	0	0	0	0
то максимум 12+. бо 14 літні такого розказати зараз можуть, що очі на лоба вилізуть бгг 21+, повеселило.	1	0	0	0	0	1
Подарунок і поповнення колекції;) дякую!	1	0	0	0	0	0
прасті радіма, може неукуратно відповіла. просто ти мене налякала, добре шо я сиділа))	1	0	0	0	0	0
А це ж така краса.	1	0	0	0	0	0
нарешті я бачу людину, яка мислить так само, як я *0*	1	0	0	0	0	0
я ж архітєктор:)) але без толкового будівельника в нашій справі ніяк)	1	0	0	0	0	0
головне усміхнені і зовсім не сонні)	1	0	0	0	0	0
Нарешті нормальна п'ятниця, з чим я вас і вітаю!	1	0	0	0	0	0
Мої вам побажання, посміхаєтеся крізь купу цього лайна, що трапляється кожного дня !	1	0	0	0	0	0
мояяяяя...її...кохааай ця любов назавжди. я знаююю.	1	0	0	0	0	0
Олюсічки, квіточки мої, з днем ангела вас, любі!	1	0	0	0	0	0
чудово, всі живі здорові)) святкують...	1	0	0	0	0	0
це шикарне відчуття, коли одягаєш футболку, яка ще навесні була мала, і бачиш, що вона вільна.	1	0	0	0	0	0
у мене з вересня аж 26 буде. назаплітаюсь)	1	0	0	0	0	0
хочу ще пожити з ним разом)	1	0	0	0	0	0
деб'ют:) завжди мріяла дізнатися,що відчувають актори за кулісами..) ну це шикарно.	1	0	0	0	0	0
Мені дуже пішов, а ніанцинамід взагалі любов	1	0	0	0	0	0
З днем Ангела вас, мої любі!	1	0	0	0	0	0
скажи) я їх взагалі не слухала і на 1й концерт пішла лише через масову істерію і тому, шо там повно друзів було)	1	0	0	0	0	0
Є шаріки  Вітаю зі святом)	1	0	0	0	0	0
оце файне кіно, вони на Арабатці живуть:)	1	0	0	0	0	0
наша церква є в соц.мережах і вчора на івенті всіх вітав от.Роман:)	1	0	0	0	0	0
в ті рідкісні щасливі хвилини коли Хамяк мені дозволяє залізти в твіттер, в мене починається паніка від щастя і я не знаю шо написати	1	0	0	0	0	0
Знайшла заначку - твердий шампунь власного виробництва.	1	0	0	0	0	0
те саме RT : Помітила за собою, що постійно усміхаюся на вулицях.	1	0	0	0	0	0
За 50років дід нарешті купив бабці на день народж.чоколяду і привітав з самого раня:)так мило!всім би так любитись	1	0	0	0	0	0
це ж чудово черпати натхнення і вчитися у людей, які поруч! головне побачити в них це! і можливо не потрібні будуть книжки і семінари..	1	0	0	0	0	0
Я задоволений слон, бо тепер знаю основи декількох видів мейку.	1	0	0	0	0	0
У мене прекрасний настрій і нуднл  Дуже	1	0	0	0	0	0
Найкращий вечір, вечір з рідними.	1	0	0	0	0	0
якщо там твої перші твори і вірші то я з радістю почитала б;)	1	0	0	0	0	0
всі вітають і я привітаю!! традиційних щастяздоровля і від мене всяких найкращостей!)	1	0	0	0	0	0
Там до речі нещодавно дуже круте було	1	0	0	0	0	0
Ага, саме класне, що я на початку черги))	1	0	0	0	0	0
не сумуй, краще порадій, в нас тут все зашибісь   )))	1	0	0	0	0	0
А поки що, солодких снів	1	0	0	0	0	0
тепер мій фотік відкривається за допомогою скальпеля, а закривається за допомогою скотчу))	1	0	0	0	0	0
- гарний такий акваріум!!	1	0	0	0	0	0
як добре зараз ніжитись в ліжку, слухаючи дощик.	1	0	0	0	0	0
я навіть не знала.Взаємно вітаю!	1	0	0	0	0	1
Як добре, що в нашому кліматі після літа приходить справжня осінь	1	0	0	0	0	0
Думала,що всі перукарні забиті,але ні:) радію	1	0	0	0	0	0
100 років тому народився цей прекрасний мужчина.  з днем народження, олесю терентійовичу!	1	0	0	0	0	0
Я закохана в тебе з того дня, коли ми зустрілися.	1	0	0	0	0	0
Дивіться яке чудо в мене тепер живе^^	1	0	0	0	0	1
а ше тьотя в касі налякала,що на луганський нема квитків.вже розстроїлись,що поїдем пітерським і не почуєм ні мерви,ні тола.але все добже)	1	0	0	0	0	0
тут зараз просто прекрасне небо. казкове. виговорилась, йду спати.  добраніч, тві.	1	0	0	0	0	0
Насолоджуюсь  подушкою. . .ліжко, постіль. . .і тиша. . .круто	1	0	0	0	0	0
ще перед майданом ми якто бачились, років два тому, явсьопамнєтаю)	1	0	0	0	0	0
На роботі всім дуже вони сподобалися ;)	1	0	0	0	0	0
о боги, яка ж ти гарна *-*	1	0	0	0	0	0
Який в мене мужик красивий, слухайте.	1	0	0	0	0	0
опа, в мою честь вулиці називають. прикольно)	1	0	0	0	0	0
чому одразу сміятись - це дуже мило))	1	0	0	0	0	0
вітання з минулим святом ;)	1	0	0	0	0	0
На дворі так класна погода.,пахне осінню	1	0	0	0	0	0
Ой ну драстє, зараз ніби то всі це знають))))	1	0	0	0	0	0
без залицяльників було б нудно=)	1	0	0	0	0	0
Не пройшло й 2 міс на новій хаті, як я НАРЕШТІ попрала штори.	1	0	0	0	0	0
перед оперним...уявляю скіко народу туди припреться))	1	0	0	0	0	0
так о третій ночі виглядає щастя^^	1	0	0	0	0	0
ох молодець!! будеш фоткати у Києві?	1	0	0	0	0	0
RT :  Олю вітаю, чекаю запрошення на першу виставку	1	0	0	0	0	0
Починати ранок з пробіжки дуже весело	1	0	0	0	0	0
волочусь від тої темної вишивки Тернопільщини	1	0	0	0	0	0
Це дуже погано, але мене зараз тішить що не я одна по 12 засобів на тиждень на лице наношу, якщо хочу, щоб воно не відвалилося)	1	0	0	0	0	0
Овочевий супчик з куркою врятував мій ранок:)	1	0	0	0	0	0
В плейлисті купа нових пісень, оце і справді добрий ранок	1	0	0	0	0	0
крутий привіт, мені таких ще не передавали ))) дякую!	1	0	0	0	0	0
І ми вітаємо з таким важливим днем.	1	0	0	0	0	0
знайшла музику для офісу,яка всім підходить.як не дивно,це група Kurwa Matj)я великий фанат їхніх контрабандистських пісеньок.і не я одна)	1	0	0	0	0	0
думаю це хороша ідея залучити батьків до івентів =)	1	0	0	0	0	0
не повіриш, якраз купила в Польщі на 7 злотих )))	1	0	0	0	0	0
Дякую вам за вітання і за те, що ви є.	1	0	0	0	0	0
То дівчата сказали, шо я нєнакрвшеная страшная)) шо всі думають, шо я хворію)	1	0	0	1	0	0
Велике дякую,  ,за мій порятунок ^^ Єдина людина яка допомогла ^^ Ти прекрасна :**	1	0	0	0	0	0
коли реєструвалась в тві, думала, що й 40 підписників не буде. а тепер 700. це ж населення цілого мікротопоніму, карл!	1	0	0	0	0	1
знаєте, найбільшою своєю перемогою, цього періоду вважаю, подолання своєї гордості і збереження важливої для мене люди =)	1	0	0	0	0	0
Вітаю чарівну іменинницю і прекрасну людину з її Днем!	1	0	0	0	0	0
В нас тут такі аромати ммм...	1	0	0	0	0	0
Сходила з рідними на мульт "Лелеки" Аааа, то шедевр *-*	1	0	0	0	0	0
Найкрутіший мейк на хеллоуін, який я бачила	1	0	0	0	0	0
Я спочатку цього боялася, що будитиме вранці, але прокидатися і ніжитися в сонячних промінцях то кайф.	1	0	0	0	0	0
йой, мене священник на сповіді запитав...школярка я чи вже студентка)))	1	0	0	0	0	0
обговорюємо з Натою фізику і кабінет фізики :) там було все таке класне:)	1	0	0	0	0	0
ти до мене на ви? я поки що одна)	1	0	0	0	0	0
І все таки, твітер став для мене маленьким і затишним домом Дякую, що ви в мене є	1	0	0	0	0	0
нюхають маму з ременем в дитинстві?))	1	0	0	0	0	0
я аж скучила за старою роботою:))	1	0	0	0	0	0
Коханий зробив мені чай, погодував кицьку і пішов здавати аналізи.	1	0	0	0	0	0
По-моєму, слово "станція" якраз можна і не перекладати)	1	0	0	0	0	0
Дякую:)приємно!там можна писати свої теми і цитати!доєднуйся:)	1	0	0	0	0	0
ааааа, це печально, але ще не довго чекати лишилось)	1	0	0	0	0	0
ну добре, бо вже розхвилювалася :)	1	0	0	0	0	0
вже давненько і так, це круто)	1	0	0	0	0	0
а смачний який має бути!)	1	0	0	0	0	0
Колою мене таки вдавило, але це шикарно.	1	0	0	0	0	0
Ну чого, там паралельно з молитвою має бути жертвоприношення, а то досить весело	1	0	0	0	0	0
Знаєте, а зраночку так гарно	1	0	0	0	0	0
класно-класно)) мій графічний львів - це мої друзі!)) це все ви)	1	0	0	0	0	0
Читаю вранці мамський чатик і таки донечка народилася в подруги.	1	0	0	0	0	0
З Днем Незалежності, друзі!	1	0	0	0	0	0
Росіян бачила в костюмах моряків чорноморського флоту. )))	1	0	0	0	0	0
так я зацінила і мені сподобалася дата 900 ))) а чому б і ні?	1	0	0	0	0	0
це ж класно,коли мрії збуваються. . .:)	1	0	0	0	0	0
Підтримайте Алінку!!! її фоти і справді найкращі))	1	0	0	0	0	0
хочу у Львові спокійно засинати:)	1	0	0	0	0	0
Дякую-дякую за вітання!!які ви всі класні і хороші))	1	0	0	0	0	0
Ще трішки більше місяця і я побачу своїх коханих	1	0	0	0	0	0
це зробило мій вечір, дякую	1	0	0	0	0	0
своїх в обіду не дамо;)	1	0	0	0	0	0
А ще я таких страшних малювала =) це підготовка до вступу =)	1	0	0	0	0	0
Найсмачніша вечеря в Шевченківському гаю;)	1	0	0	0	0	0
малеча взяла гозєтку в руки. регоче. тицяє мені - на глянь на його заточку і заголовок прочитай. регочем двоє.	1	0	0	0	0	0
чесно? у мене цей рік був настільки прекрасний, що я не проти прожити його ще раз	1	0	0	0	0	0
він дивний. але від того ніскілечки не втрачає)	1	0	0	0	0	0
прикольно якщо я така гарна)) ще мені казали що я нагадую дівчину з кліпу ОЕ...чорнобілий якийсь	1	0	0	0	0	0
Приїхали до гуртожицької подруги,ех . . .як добре в гостях:)	1	0	0	0	0	0
дякую, старий) ти дійсно вмієш підтримати до смерті налякану людину ))	1	0	0	0	0	0
насправді дівчата пісяють кіпятком за хлопцями із західної україни прикриваючись львовом)	1	0	0	0	0	0
наступні 5 днів буду святкувати....)))	1	0	0	0	0	0
обожнюю сестру за те, що вона кидає мені мемчики.	1	0	0	0	0	0
А я вже в Житомирі Всім доброго раночку	1	0	0	0	0	0
якась хороша новина за день, спасибі	1	0	0	0	0	0
Та я само спокойствіє) мені чужих нервів жалко)	1	0	0	0	0	0
Це був просто неймовірний вечір.	1	0	0	0	0	0
Дивлюся відоси на старому телефоні і ржу	1	0	0	0	0	0
Прийшла до племінниці і діти розхвалили, які в мене круті татухі і тонелі	1	0	0	0	0	0
Мріяла виспатися в потязі, чи принаймні випити кави, але це виявилася електричка, дарма чекати стюартів:)	1	0	0	0	0	0
все є)) З Днем Народження, кицю	1	0	0	0	0	0
дуже все круто було, на кожну пісню окреме шоу.. на екрані графіка крута, танці  класні, стильно і продумано	1	0	0	0	0	0
Купила квиточок на  і поки це все хороше за сьогодні	1	0	0	0	0	0
це така чудєсна дисципліна. удачки:)	1	0	0	0	0	0
Добре, що холод я переношу набагато краще, ніж спеку.	1	0	0	0	0	0
Збс, коли є кому спонтанно зателефонувати (дякую,  )	1	0	0	0	0	0
о, а шо ви мені не казали, шо пан Тораска такий милий, коли читає чиїсь коментарі і задумується)	1	0	0	0	0	0
подруги признались, що досліджували ВК мого коханого... це так мило, що мене аж потішило=)	1	0	0	0	0	0
- Боже, який хороший хлопець.	1	0	0	0	0	0
З днем народження, котику :3 Щастя тобі  .	1	0	0	0	0	0
Людина, яка є для мене великим авторитетом і яку я боялась найбільше, подзвонила особисто сказати, шо я крутишка.	1	0	0	0	0	0
дожилася до того, що не можу повірити у своє щастя :))	1	0	0	0	0	0
Так) найкраща ніч цього літа	1	0	0	0	0	0
 круто! я напишу свій номер, обов"язково мені передзвони, або я тобі))	1	0	0	0	0	0
ноууу, душа звучить набагато ліпше) хочу бути душею	1	0	0	0	0	0
дякую хорошим твіплам     i  всім цьом!	1	0	0	0	0	0
хлопці з Київстара прийшли інтернет зробити. . .ЯКА я рада!	1	0	0	0	0	0
Такі всі гарні і милі, що аж не можу мовчати	1	0	0	0	0	0
давно тебе не бачила таким щасливим.	1	0	0	0	0	0
боюсь нищо з цього списку не пригодиться))	1	1	0	0	0	0
дякую вам дівча і хлопча)) я спатки!))	1	0	0	0	0	0
я, взагалі то, насмажила дерунів, зробила ввдро салату і чекаю гостей))	1	0	0	0	0	0
Арт двір - то дуже кльово!	1	0	0	0	0	0
Бажаю всім сьогодні шашлику і гарної погоди!	1	0	0	0	0	0
сьогодні буде крутий вечір, я надіюсь	1	0	0	0	0	0
Побачила по тєліку колегу-француза :D	1	0	0	0	0	0
nice photo & телефончик кльовий;)	1	0	0	0	0	0
Та ну,ціла купа =)RT :  тримайся, архітектори виміраючий від!!!! :)	1	0	0	0	0	0
Але з іншого боку радію, що двері закрились не «до шєлчка», могло б бути гірше.	1	0	0	0	0	0
Як тут у вас весело гг	1	0	0	0	0	0
нарешті я напишу у щоденник, що цей рік був дуже класний!	1	0	0	0	0	0
Тут цікаво, затишно і є кальвадос!	1	0	0	0	0	0
Іду і плачу від щастя.	1	0	0	0	0	0
А ми смакуємо Кумпелівське пиво і насолоджуємося теплим вечером.	1	0	0	0	0	0
, ти неймовірна, хай тобі буде стільки радості і посмішок, скільки я зараз маю:)	1	0	0	0	0	0
Так, вночі, бо шо мені втрачати))	1	0	0	0	0	0
рада що ти знайшов свій дім :))	1	0	0	0	0	0
і я тобі дякую ;) обнімашки всім	1	0	0	0	0	0
мої племінниці буде 2рочки, то справді класні часи :)	1	0	0	0	0	0
хлопці-консутанти в Практекерi втішились руденьким дівчатам, що купляли ламінат. . .поштучно))	1	0	0	0	0	0
З Днем космонавтики, а мене з днем факультету!	1	0	0	0	0	0
Дякую пацанам з гуртожитку, за те що було так весело в душі	1	0	0	0	0	0
От а я за свою випадкову фотосесію не шкодую, хоча теж скептично відносилась спершу	1	0	0	0	0	0
Так що дуже тобі дякую!	1	0	0	0	0	0
і я вітаю! по 2-3 людини на місце- ти молодець!	1	0	0	0	0	0
доброго ранку, любі <3 усмішки і смачного сніданку. залишайтеся позитивними ^^	1	0	0	0	0	0
Є люди, що фізично молодші за мене, але к оли спілкуємося, то дитиною відчуваю себе я  Чесно кажучи.. то шикарно	1	0	0	0	0	0
а в Дубні немає сонечка, але дуже приємний день:)	1	0	0	0	0	0
джигар вперше дивиться гаррі поттера. не відриває очей від монітора. така милота спостерігати.	1	0	0	0	0	0
я коли іду на пляж, то всі комплекси приглушуються, хоч я і дрищ)	1	0	0	0	0	0
А знаєш, все таки це добре.	1	0	0	0	0	0
нові капці такі круті!!!! дякую	1	0	0	0	0	0
щастя мати розумну і вродливу жінку,але біда мати таке щастя ))	1	0	0	0	0	0
хм, моя миша страшніша була)	1	0	0	0	0	0
RT :  Забавка: знайди сову :)	1	0	0	0	0	0
Не знаю, як вам, а мені подобається	1	0	0	0	0	0
ого, ну прикольно. та я і так і так робити буду. просто цікаво стало)	1	0	0	0	0	1
так, будуть хрумкі кабачки зі смаком аличі))	1	0	0	0	0	0
маленька, ти повернулася? хай там як, а я рада)	1	0	0	0	0	0
Так прекрасно на вулиці, ше й ніч.	1	0	0	0	0	0
починаю усвідомлювати, як прекрасно мати ентузіазм щось робити, бо бажання - це найважливіше.  бажання спричиняє дії.	1	0	0	0	0	0
Сьогодні буде перша ніч з нашим котом!	1	0	0	0	0	0
ааааааааа, кайф! цього не бачила	1	0	0	0	0	0
дужедужедужедуже мімімішний фільм) Наталочка розчулена^^	1	0	0	0	0	0
фітс і джемма - то любоу :з  але циско і кейтлін мені як брат і сестра  завжди шипперила циско з сестрою холода)	1	0	0	0	0	0
Мені ше вас на свадьбу звать)))	1	0	0	0	0	0
шо сьогодні цікавого в -журналі?:)	1	0	0	0	0	0
супер, дякую вам за швидку реакцію.	1	0	0	0	0	0
а білі це хороші друзі:)	1	0	0	0	0	0
подякуєм моїм ~ 20 парам джинсів і тому, шо я довго вагалась, які вдягти до сірої футболки)))	1	0	0	0	0	0
Мама завжди боїться, що в мене у поїзді вкрадуть взуття.	0	1	0	0	0	0
Я шось одиничок стрьомаюсь) думаю, шо ноги вкорочують, нє?	0	1	0	0	0	0
Ти приїхала у Кременець?)) я почала хвилюватися;)	0	1	0	0	0	0
боюсь читати "отверженние" щоб не дай бог не накатіло якоюсь романтичною хвилею любові до революції (і політики)	0	1	0	0	0	0
Мене очень сильно турбує шо тут за двіж-паріж	0	1	0	0	0	0
Мене лякає не те, що мені 20, а те, що 15 мені було цілих 5 років назад.	0	1	0	0	0	0
наша кицька така розумна, шо я вже починаю її боятися	0	1	0	0	0	0
Трошкі, вона зараз робить вигляд, шо нічьо не сталось і мені від того страшніше	0	1	0	0	0	0
Сподіваюсь, мої малявки не злякаються.	0	1	0	0	0	0
Люди, які лайкають кожен мій твіт, ви мене лякаєте	0	1	0	0	0	0
Мене вже лякає той факт, що в четвер на художній всі будуть глазєть на моїх Led Zeppelin.Моїх.	0	1	0	0	0	0
Із-за того шо я вже багато днів сижу дома,  мені страшно виходить на вулицю	0	1	0	0	0	0
Мені лячно навіть думати про те цунамі лайна, котре підіймається в руСМі доки говорить пан Порошенко.	0	1	0	0	0	0
божички, я до 25 років взагалі дітей боялась, а шоб развлікати...	0	1	0	0	0	0
та пишуть, що пакують всіх без розбору от і хвилююся за Вас	0	1	0	0	0	0
Хлопці не лякайте мене термінами. . .всі браузери хороші,милі та любі,як і дівчата=)	0	1	0	0	0	0
Я і хочу, і боюсь людей підставити.	0	1	0	0	0	0
Дуже боялась, шо у фр школі мені сесію не оплачуватимуть, але ніби все ок	0	1	0	0	0	0
дякую за підтримку) насправді, зараз не так і страшно на вигляд.	0	1	0	0	0	0
Сьогодні вперше була на Майдані після того страшного відстрілювання людей.	0	1	0	0	0	0
та в нас якісь ливні пориви вітру, боюся щоб дощу не було.	0	1	0	0	0	0
Я до 25 дітей боялась вопше.	0	1	0	0	0	0
Я навіть читати не стала, за свою психіку переймаюся	0	1	0	0	0	0
Клоун-це найстрашніше, що може бути (с) сараджесікапаркер	0	1	0	0	0	0
Коли бачу "підготувати проект"-стає страшно)))	0	1	0	0	0	0
Трохи лякає, коли тобі в руки дають їжу з фразою "ого, навіть не поцвіло"	0	1	0	0	0	0
Це якась нереальна ціна))) страшно їхати))	0	1	0	0	0	0
а я лише з короткими і можу) боюсь дітей з довгими подряпати та і не зручно мені)	0	1	0	0	0	0
а ще, минулої ночі я двічі дуже злякалась.	0	1	0	0	0	0
Мабуть москалям страшно бачити таке в центрі Києва	0	1	0	0	0	0
Страшно, ботз цими цінами і курсом може грошей не вистачити))	0	1	0	0	0	0
я злякалась і запанікувала.що це?	0	1	0	0	0	0
Страшно уявити,шо з них вийде.	0	1	0	0	0	0
і так, я боюсь людей, в яких золота медаль зі школи)	0	1	0	0	0	0
дивлюсь і мені аж страшно))	0	1	0	0	0	0
Мені страшно завтра їхати на закупи в ашан.	0	1	0	0	0	0
мене теж найбільше все ж війна лякає.	0	1	0	0	0	0
та жесть. аж я в паніку впала	0	1	0	0	0	0
Мене лякають його слова і прогнози.	0	1	0	0	0	0
Боюсь навіть уявити, скільки коштує таке вирівнювання)	0	1	0	0	0	0
Вітре, шо ти виєш, перестань, мені страшно	0	1	0	0	0	0
Мене мабуть лякає те, що цим треба жити, а не просто ходити 2 раза в тиждень на заняття.	0	1	0	0	0	0
Мені завжди страшно, коли я бачу ті фотки!"  мімімішка прям цей Вованада	0	1	0	0	0	0
а можна тоді ще боятись всього постійно)	0	1	0	0	0	0
ага, в сні страшно було))))	0	1	0	0	0	0
сьогодні вперше за рік виступів нервувалась по-справжньому. було мало репетицій.	0	1	0	0	0	0
так, але навіть при найкращих професійних задатках боязнь телефонних дзвінків чи невміння підтримати бесіду тебе завалять	0	1	0	0	0	0
тільки грузини так їздять, що страшно)))	0	1	0	0	0	0
ніяк не почну. паходу боюсь залипнути	0	1	0	0	0	0
Було весело, але я панікувала, шо до мене хтось підійде з бруднющими руками	0	1	0	0	0	0
Страшно подумати, скільки ще трепів знайдеться, випливе в Дніпрі	0	1	0	0	0	0
сестричка пише у фейсбук з літака: не хочу летіти:((	0	1	0	0	0	0
Хоча під кінець з останнім я розібралася, і подумала, як жахливо, що на мою дитину більше впливу мали няньки і бабусі.	0	1	0	0	0	0
Та шо тікати, кладовищ я не боюсь, іноді там тусимо, але НР то занадто	0	1	0	0	0	0
я боюсь,що через такий короткий проміжок часу між першим і другим разом просто не відчую того першого разу ще раз.	0	1	0	0	0	0
А в мене останнвм часом погані асоціації з тим містом, воно мене лякає)	0	1	0	0	0	0
Згадалось, шо вночі будила Вованаду, бо мені наснилось дике жахіття і стало страшно.	0	1	0	0	0	0
гарний фільм, але боюсь, шо моя діч його дивитись не захоче)	0	1	0	0	0	0
Не можу заспокоїтись, трясе, нема нікого поряд.	0	1	0	0	0	0
це буде мій перший фільм бергмана без ульман. я її чучуть боюсь.	0	1	0	0	0	0
не лізьте в ліс у зливу.  я налякалась їжака, змокла до нитки, але зате посиділа в дуже гарному місці.	0	1	0	0	0	0
ми боїмось, шо почнуть вдиратись в хати по селах	0	1	0	0	0	0
- Дарницю "замінували", кажись я додому не попаду - Ну так її ж не на цілий день замінували	0	1	0	0	0	0
Бо я боюсь рампи і рукоходів (наївна)	0	1	0	0	0	0
З ужасом думаю про те, що наступного тижня із відпустки виходить нєумолкаємая Вєраівановна	0	1	0	1	0	0
Інколи вона мене лякає	0	1	0	0	0	0
 та я все одно надто боюся людей, аби запитати) а в тебе є якісь ідеї щодо роботи?	0	1	0	0	0	0
і?)) це не означає, шо мені не страшно.	0	1	0	0	0	0
Не дає мені спокою	0	1	0	0	0	0
не можна так в неділю зранку лякати	0	1	0	0	0	0
тремтячими руками натиснула пкм "извлечь в...".	0	1	0	0	0	0
а ше я боюсь крітіки, як оказалось)))	0	1	0	0	0	0
Бо вже і просто потягуватись боюсь)	0	1	0	0	0	0
навіть боюсь уявити, що могло б бути)	0	1	0	0	0	0
сьогодні треба хвилюватись за всіїх	0	1	0	0	0	0
Хочу їсти, в мене навіть є що з'їсти, але боюсь пожувати губу і щоку.	0	1	0	0	0	0
у нас вже теж теж чутно постріли і вибухи.Пишуть,сьогодні в 20:00 в р-ні Новопавлівки стріляли.Це зовсім поряд *якнацереагувати.цестрашно	0	1	0	0	0	0
Боюсь зайвий раз дьорнутись, щоб не потревожити кота аби він не образився і не пішов спати до сестри	0	1	0	0	0	0
та я вже начиталась скрізь всьо, треба нести до ветеринара, але я боюсь( якщо є спайки, то знову оперувати(((	0	1	0	0	0	0
Аж злякалась, коли побачила ці 2моделі в наявності.	0	1	0	0	0	0
атлас вікенд агонь, але я боюсь навіть ціну дивитись	0	1	0	0	0	0
Тільки коли я майже безпам'ятна, зникає це жахливе відчуття, що щось не так, чогось не вистачає.	0	1	0	0	0	0
мій годинник на компі вперто живе за московським часом...і постійно мене лякає, що вже дуже пізно...	0	1	0	0	0	0
А я їх боюсь( одужуй, Тань	0	1	0	0	0	0
Така ділова стала, аж самій страшно.	0	1	0	0	0	0
мені вік ше таке, а от те, що я чоловік, мене лякає))	0	1	0	0	0	0
зараз буду дивитись фільм Воно і я боюсь клоунів. це все, що вам треба знати.	0	1	0	0	0	0
Тепер в мене +1 фобія	0	1	0	0	0	0
боюсь уявити, що буде далі)	0	1	0	0	0	0
Шось у мене приступ паніки.	0	1	0	0	0	0
І круто і страшно водночас))	0	1	0	0	0	0
і це в робочий день. боюсь подумать який оборот у неї на вихідних.	0	1	0	0	0	0
Але так боялась провтикати, що прокинулась о 7:30.	0	1	0	0	0	0
то поголись, бо лякаєш тьоть, діч моя)	0	1	0	0	0	0
Львів - дуже небезпечне місто.	0	1	0	0	0	0
Так, вас злякався і прєдложьіл.	0	1	0	0	0	0
я шото бігу стрімаюсь. боюсь шоб попа не убіжала. присяди випади і проче - наше всьо.	0	1	0	0	0	0
Я зараз 1 суцільний переляк.	0	1	0	0	0	0
Таке якесь дивне передчуття...мабуть ця ніч буде неспокійною.	0	1	0	0	0	0
Кльово, але страшно, бо собаки за мною ганялись по парку	0	1	0	0	0	0
я турбуюсь про його психічний стан)	0	1	0	0	0	0
все чекаю коли пройде цей ефект вічної тривоги, коли дитина не біля мене.	0	1	0	1	0	0
та від вінків і квітів вже страшно стає	0	1	0	0	0	0
що ж ти так лякаєш!))	0	1	0	0	0	0
6 чоловік за і 6 проти, жах.	0	1	0	0	0	0
в мене після першої сікунди відіо почав гудіти ноут і завис. навсігда б, якби не прийняла міри. я боюсь відкривати відіо ще раз.	0	1	0	0	0	0
ой, в мене зараз стільки болячок, шо боюсь уявити шо саме не так. але надіюсь підлатаю здоров'я і все прийде в норму	0	1	0	1	0	0
Роздивляюсь один з замовлених міжвоєнних альбомів, і ця світлина creepy настільки, що мені на неї страшно дивитися: польська дівчинка посміхається позуючи в кріслі, червень 1939го.	0	1	0	0	0	0
ввіду останніх змін університетських найбільше боюсь офіційної бамажки про дрескод.	0	1	0	0	0	0
А коли до цього доходить діло, то стає страшнувато.	0	1	0	0	0	0
Хоч і розумію, шо це жах.	0	1	0	0	0	0
Йшла з роботи додому повз сусідній будинок і вже зайшовши у двір почула,що за мною женеться собака.	0	1	0	0	0	0
Страшніше фотографії в паспорті, може бути лише копія фотографії в паспорті	0	1	0	0	0	0
Google Translate так ідеально переклав речення, що я аж злякалася.	0	1	0	0	0	0
Я боюсь, що це все вияиться п'яними розмовами	0	1	0	0	0	0
мене лякає у відвідувачах жж цей таємничий хтось. хоча жж спит вже майже місяць. ну шо, про газотрон хіба писати. нє ти шо.	0	1	0	0	0	0
Коли я не бачу павуків,  я їх не боюсь	0	1	0	0	0	0
						
а ми як переляки)) боїмось))	0	1	0	0	0	0
Хочу повезти Дівчинку в Саморідню, але нема в чому і боюсь чи не буде то великим стресом для неї.	0	1	0	0	0	0
страшно шо ти це запам'ятав)	0	1	0	0	0	0
А я така серйозна, шо аж страшно	0	1	0	0	0	0
Боюсь, що до ранку мені ті пластирі не тільки токсини повитягують через стопи, а й рештки мозгів.	0	1	0	0	0	0
Я ледь не померла коли вона на мене стрибнула	0	1	0	0	0	0
в мене є дуже недобре передчуття	0	1	0	0	0	0
я читаю ці всі статті і в мене паніка. дика всепоглощающа невимовна паніка.	0	1	0	0	0	0
переборщила з увагою, тепер людина вважає себе чуть не найкращим другом і кожен день питає "як справи" а я аватарки його зеківської лякаюся!	0	1	0	0	0	0
сняться нічні жахи про те, що не встигаємо виконати все до дедлайнів.  свідомосте, що коїться?	0	1	0	0	0	0
нічогісінько. страшно те, що в мене можливо глюки.	0	1	0	0	0	0
Думала зробити тиждень платтячок і спідничок, але зранку злякалась хмарного неба.	0	1	0	0	0	0
мене слухняні зараз лякають, ну принаймні дуже слухняні	0	1	0	0	0	0
Коли ти хочеш іграшку, але тобі страшно залазити в хатку	0	1	0	0	0	0
я насміхаюся з нього, бо боюся його.	0	1	0	0	0	0
А ми говорили про пограбування і я боюсь тепер приступив паніки(	0	1	0	0	0	0
стрьомно йти на трєнь бо світить присяд 70×4×4 але ше стрьомніше буде некст вік коли робитиму проходку. да прибуде зі мнов сила. пішла жерти	0	1	0	0	0	0
жахливі реклами цього нового квасу. . .і матрона страшна і пляшка, як каністра!	0	1	0	0	0	0
Але мене лякає, що все так швидко	0	1	0	0	0	0
бо діти хочуть додаткових занять, а я стрьомаюсь брати	0	1	0	1	0	0
а Богдан я боюсь) бо вона в Могилянці вчиться  і багато читає!	0	1	0	0	0	0
За що переживаю, те і наснилось.	0	1	0	1	0	0
а я здивувалась,коли дзвінок надійшов з кодом +7XX...так злякалась,що людині дорого дзвонить, що аж прокинулась...скоро поділюсь)	0	1	0	0	0	1
лягла в ліжко. і тут рєзко прибігли всі думи мої думи мої лихо мені з вами.	0	1	0	0	0	0
щойно дізналась, що живу в найнебезпечнішому районі столиці (статистика за рік по кількості випадків зникнення людей).	0	1	0	0	0	0
Здається, моя підвищена під загрозою.	0	1	0	0	0	0
Тобто на дерево, так щоб на землю не спускатися, бо страшно.	0	1	0	0	0	0
Уявила, як я виходжу з будинку в теплий весняний вечір, і мене охопив жах невідомого походження.	0	1	0	0	0	0
						
перед знайомством з Вовиними батьками я нервувала значно більше, ніж перед знайомством з друзями дитинства)	0	1	0	0	0	0
Деколи я боюсь що в тел видьоргнуться навушники і всі почують шо я слухаю хава нагілу	0	1	0	0	0	0
я би перед тим як покинути лікарню зігнала би злість на кончаному медперсоналі. тому шо з таким настроєм додому ніні	0	0	1	0	0	0
Розумію, що це в людини особисте життя, але взнала, що знайомий чоловік зраджує дружині і вся його репутація і досягнення пішла в унітаз;(	0	0	1	0	0	0
						
*рукалице* не бачила серіалу, але вважаю це найбільшим викривленням і спаплюженням книги.	0	0	1	0	0	0
нашо я включила послухати хто це такі	0	0	1	0	0	0
Дізнався, як справи на роботці, і дуже розлютивсь.	0	0	1	0	0	0
хуже. труси хоч ніхто не баче	0	0	1	0	0	0
чую як вода капає на кухні...нервує	0	0	1	0	0	0
я ж ні на що не претендувала. мені було б просто приємно, якби зі мною поділились такою новиною. а тепер образливо до сліз	0	0	1	0	0	0
Ніяк не зрушити з цієї клятої точки.	0	0	1	0	0	0
гірше за кавери на цоя можуть бути ремікси на його пісні	0	0	1	0	1	0
Якщо ти зрадиш, кохана, Я вирву всі твої патли, До м’яса вкушу за руку, Як велика скажена собака.	0	0	1	0	0	0
Якщо він ще раз почне палити біля мене, я йому голову відірву	0	0	1	0	0	0
я його таким не сприймаю! геть!	0	0	1	0	0	0
канєшно странний. цю кучку лайна тра було в коричневий закрасить.	0	0	1	0	1	0
З розмови в хаті: Іра, не нервуй мене.	0	0	1	0	0	0
матьйотуди. я думала в тебе тільки твітор ретранслятором з контактіка працює. ох ти коварний!	0	0	1	0	0	1
деякі хенд-мейди добивають своєю тупістю ....оце  наприклад "шикарна ваза" 	0	0	1	0	0	0
)))) та я ж казала тобі)))) але це якесь підсвідоме роздратування,я його не контролюю.	0	0	1	0	0	0
Де там мене вже відкривав клятий Порох?	0	0	1	0	0	0
"...ну я понімаю кацапська сволота, но наша сволота, вінницька!..", - *проходячи повз*	0	0	1	0	0	0
Від радості до суму - одна довжелезна черга на касі в новусі.	0	0	1	0	0	0
мєжтєм одягнула купальник і цього року відмазка могло бути і гірше мене чось вже не задовольняє. до моря неготова, але куда вже діватись.	0	0	1	0	0	0
ЧОРТ, як швидко мій мозок зробив відсилочку на расизм	0	0	1	0	0	0
RT : Українські письменники обурені Концепцією мовної освіти	0	0	1	0	0	0
мене тікшо збили на машинці двоє дітлахів. підступно ззаду. я впала дупою на бампєр. добре шо не повезли. татьяна їде по бродвєю юхуу.	0	0	1	0	0	0
так рознервувалась що не помітила як злобно проорала абзац з книжки вслух	0	0	1	0	0	0
Так мене в читалці ще ніколи не нервували!	0	0	1	0	0	0
мені не подобається студійний запис готики vivienne mort. такий прилизаний і штучний. хештег шоетовзагалі.	0	0	1	0	0	0
ВСМИСЛЄ, віддай сюди свою, будь ласка!	0	0	1	0	0	0
Я стою балконі І безмежно лютую.	0	0	1	0	0	0
вдома можна зробити нормальну порцію смузі, або морозива з фруктами... в ресторанах просто знущаються ...або нормальну порцію вареників	0	0	1	0	0	0
от теж не розумію, що за раптовий факінг ераунд навколо чорного дзеркала піднявся.	0	0	1	0	0	1
якщо мене ще хтось спитає як там мій диплом я вирву собі лице	0	0	1	0	0	0
- До чого ти докотився?	0	0	1	0	0	1
Я така зла, ви навіть не уявляєте.	0	0	1	0	0	0
-як зустрів я тебе моя пташко -довго довго дививсь  -марно очі трудив -та впізнати тебе було важко -бо ти схожа на какашку -скатіна.	0	0	1	0	0	0
і да, в мене останнім часом нерви не в порядку, бо на роботі є 1людина, яка мене дуже вибішує.	0	0	1	0	0	0
людина, яку бісить той хто ходить)	0	0	1	0	0	0
Мене вибішує, що я мала зустріч о 10, а о 9:15 отримала мило від шефа з зовсім іншими завданнями.	0	0	1	0	0	0
Підори (бородаті) теж плачуть (на фонє украдєних квадрільйонів) ;(	0	0	1	0	0	0
переглянула баланс на картці креді агріколь в банкоматі привата і заплатила за це 300грн! зашибісь!	0	0	1	0	0	3
набридло, що у всіх сварках батьки винять мене.	0	0	1	0	0	0
факт. але від того не горить меньше.	0	0	1	0	0	0
чооорт, , ми будемо з тобою 9 сидіти в мене і ревіти під mercy	0	0	1	0	0	0
(Погрожувати заскріненими твітами це кншн дуже потужний хід, якщо ти співорганізатор воркшопів з пісмейкінгу, набагато сильніший, ніж запитати, що було не так кншн)	0	0	1	0	0	0
Не довольна, шо користуюсь нею рідко) а вопше я хочу canon g7x mk ii.	0	0	1	0	0	0
В мене зараз прищі нєрвні повилазять.	0	0	1	0	0	0
Що я зробила людині, яка мене ігнорує?	0	0	1	0	0	0
телепню, не доводь себе і живи давай, я не хочу -1 класна людина в групі	0	0	1	0	0	0
слуга народу вже й в!дпочити не может	0	0	1	0	0	0
 Малаанкааа!1 дай йому їсти, най перестане вити бо я його зара вдавлю!1   Ггг	0	0	1	0	0	0
Шо це за болезнь така, чітать гороскопи інших людей, шоб знать, чк у них пройде день, бо ти з ними не спілкуєшся	0	0	1	0	0	0
якого біса ніхто не дає мені поспати?	0	0	1	0	0	0
бісить, коли люди, котрі мені не цікаві, перебувають у моїй зоні комфорту довше 16ти хвилин.	0	0	1	0	0	0
ти єдиний від кого я не очікувала таких низьких думок про себе	0	0	1	0	0	1
нет, хочу з цим покінчити вже зараз!	0	0	1	0	0	0
якшо після цього якась падла мені скаже, шо йога це в позі лотоса мантри мугикати, я його задушу своїми сільними руками, які це всьо пережили!	0	0	1	0	0	0
Твітнув би статтю про порохоботів від Букв, але і там трясця його маму Стець.	0	0	1	0	0	0
що знаково, посилаються на твітор дегенерата, котрий герой минулого відео.	0	0	1	0	0	0
Оце корупція, про котру ніхто з потерпілих, що верещать за "злочинну владу" казати/балакати не хоче/не любить.	0	0	1	0	0	0
Людинка це відчуває і супроводжує це протестним криком!	0	0	1	0	0	0
ти мене в твіттері фоловиш, можна взагалі не розмовляти:р	0	0	1	0	0	0
Як же мене за*бали тими дзвінками с*ка.	0	0	1	0	0	0
Але злість капєц брала, потім сиділа сама грала, аби помститься	0	0	1	0	0	0
так неудобно говорить цею чістою українською мовою шо капєц © проходила повз лавочку	0	0	1	0	0	0
так це винного знайти. хлопці, а ви де весь цей час? не у владі? навіщо ви там? для чого?	0	0	1	0	0	0
як все достало...от як не утекти звідси подалі?	0	0	1	0	0	0
- Мені не подобається цей офіціант.	0	0	1	0	1	0
ДВА ДНІ! госпаді, коли це закінчиться	0	0	1	0	1	0
Робити з 3річними дітьми іграшки на йолку в техніці декупажу — ідіотизм.	0	0	1	0	0	0
Ото так не вистачає обнімашок,  що обіймала незнайомих дівчат і чувака,  якого ненавиджу	0	0	1	1	0	0
і не пиши мені більше!	0	0	1	0	0	0
Російська – мова терору, брехні, маніпуляцій, крові та війни.	0	0	1	0	0	0
йшов вересень, а магістерська так сама себе і не пише. злюсь на неї.	0	0	1	0	0	0
уйді всьо шоб очі мої тебе не виділи	0	0	1	0	0	0
на роботі жахливо смердить лаком!	0	0	1	0	1	0
ти хворий, дурбецело, я тебе приб'ю	0	0	1	0	0	0
Скоро, а можливо сьогодні вночі русняві свинособаки з асадітами застосують хімічну зброю при обстрілах/бомбардуваннях.	0	0	1	0	0	0
або я зараз розіб'ю собі кулачок, або розіб'ю щось кулачком.	0	0	1	0	0	0
177  Мене бісить, що люди навіть за професію будівельника засуджують дівчат	0	0	1	0	0	0
Фраза "Ти надто змінилася" і спроби все повернути починають дратувати	0	0	1	0	0	0
Більше, ніж недопоети, мене нервують ті, хто їх захищає і з піною в роті кричить: "Зроби краще!"	0	0	1	0	0	0
гірше таких це люди, що приймають нейтралітет. . .от що у таких в голові?	0	0	1	0	1	0
це я тобі вперше погрожую, єслішо)	0	0	1	0	0	0
Вийшов закурити D: Клята влада вкрала картинку з балкону!	0	0	1	0	0	0
Мені таке форсолювання не подобається  КОЛИ вийде	0	0	1	0	1	0
Чого мене останнім часом все так бісить?	0	0	1	0	0	0
Перше, що я хочу сказати: "Розчарована зв'язком Київстар так що горить викинути картку".	0	0	1	0	0	0
настільки грубе порушення правил, яке жюрі ігнорує, бо це ж їхні фаворити. дико зла.	0	0	1	0	0	0
Та бачу бачу, не нервуйте так, я щодня це бидло бачу.	0	0	1	0	1	0
нерви. рухливі в безсиллі.  зимність. потворна, як жах.  думки похилі  в небесах.   м. семенко	0	0	0	1	0	0
ше дитин десь підхопила шмарки і тепер я вже другий день найгірша мать у світі.	0	0	0	1	0	0
І це чомусь добіса сумно.	0	0	0	1	0	0
не пройшло і тижня як я за ними скучила.	0	0	0	1	0	0
якщо вони отримані в Україні. шо печально( *і це пишу я, жизньболь	0	0	0	1	0	0
А тут, замість білих лілій, цвітуть пластикові пляшки, пачки з соку та інше сміття <	0	0	0	1	0	0
Я буду плакати від твоїх твітів.	0	0	0	1	0	0
						
свідком цих страждань була  . яка щось говорила в той момент коли я товкла автомат	0	0	0	1	0	0
ми в Арсені в один напакували декілька видів овочів то тітонька на касі нас насварила, щоб такого не робили :(	0	0	0	1	0	0
прикро, коли нікому дарувати свою турботу.	0	0	0	1	0	0
усвідомлення того шо я страшна заважає мені жити	0	0	0	1	0	0
Бо я так і не встигла сходити в кіно на Ex Machina	0	0	0	1	0	0
Це теж  Але я тупо вже тиждень не можу нормально поїсти	0	0	0	1	0	0
Тільки понеділок, а вже так здохнути хочеться	0	0	0	1	0	0
ні. але мені сумно, я розумію, шо кожному своє.	0	0	0	1	0	0
Я шоь явно пропустила в цьому житті	0	0	0	1	0	0
Є дещо гірше, ніж поцілувати не ту людину.	0	0	0	1	0	0
Моя перша магістратура була зовсім не такою цікавою.	0	0	0	1	0	0
Під кожним сумним твітом тебе чекатиме реплай з милими тваринами  (Все отстой, життя мрак)	0	0	0	1	0	0
в мене теж сльози навернулися	0	0	0	1	0	0
сіла слухати стоунед джізес. тако основатільно шоб. тембир проджестерового вокалу мене трішечки бісить. але музіка дуженсько.	0	0	0	1	0	0
це аж до болі життєво.	0	0	0	1	0	0
в мене завтра державний екзамен(	0	0	0	1	0	0
Убрали, тупо всі кіоски прибрали)	0	0	0	1	0	0
понадруковувала, понавирізала, наламінувала, а малявка взяла і захворіла	0	0	0	1	0	0
Оу нє, я тіки ремонт зробила, того не можу дозволити собі щось більше ніж плакати	0	0	0	1	0	0
Твіт підбадьорення  Вибач, що не вмію цього робити	0	0	0	1	0	0
сумно. а ти якою сферою займаєшся?	0	0	0	1	0	0
Завтра дорога, а в мене ніякого приємного очікування.	0	0	0	1	0	0
Дві години через це ридала	0	0	0	1	0	0
грубість! я через тебе проплакала всю ніч!!	0	0	1	1	0	0
Намагаюся відволікатися на читання стрічки, але мало допомагає.	0	0	0	1	0	0
Було погано, мої друзі, які зустрічаються, вдвох підійшли і обняли мене, відразу легше стало.	0	0	0	1	0	0
в мене води щось нема, досі не можу зібратися:(	0	0	0	1	0	0
сумна історія про те як шурка шукає квиток на захід незагрубігроші *ви можете зробити цю історію потенційно нетошоб веселою но хорошою	0	0	0	1	0	0
Я вже більше року як жертва цих знущань	0	0	0	1	0	0
Коли я помирав,тебе не було поряд.Це був ранок,це був грудень і найменше,чого мені хотілося в цей день-відчувати,що всьому приходить кінець.	0	0	0	1	0	0
я могла би брати фотки друзів з подорожей, малювати з них картини і дарувати їх... але ж друзі більше не приходять до мене:(	0	0	0	1	0	0
Один мій знайомий не проігнорив мене, передзвонив і  через три дня вмер	0	0	0	1	0	0
шкода день валінтіна вже минув	0	0	0	1	0	0
Отак сиджу і не вірю, що завтра їхати з того чудового міста.	0	0	0	1	0	0
Бідна, сподіваюся пройде чи стане краще..	0	0	0	1	0	0
я не плакав через хатіко,  але зараз хочу(	0	0	0	1	0	0
ну я хз. може варто поїхати зранку і спробувати(	0	0	0	1	0	0
те все віновлювальне. відео і аудіо - нет. теми контрольних - до старости (ггг), фото - у друзів. але да, неприємність капєц(	0	0	0	1	0	0
сьогоднішні лавочки боком мені вилазять. хоча де там боком. носом. ротом. свято грибів і форелів.	0	0	0	1	0	0
Жахлива ситуація, але життя несправедливе.	0	0	0	1	0	0
Голова болить, а я усвідомлюю, що ще уроки вчити	0	0	0	1	0	0
Дві глави,а я вже плачу.	0	0	0	1	0	0
а мені всеодно найбільше шкода Юлю і Маліну. от	0	0	0	1	0	0
Настільки печально  шо нема навіть норм фоточки, шоб таки взяти участь в тому конкурсі.	0	0	0	1	0	0
І це трохи сумно.На цьому всьо.	0	0	0	1	0	0
В мене стільки всього про токіо хотел шо аж викидать жалко.	0	0	0	1	0	0
Знову не витримала..знову наїлася на вечір..тому що від недоїдання у мене розболілася голова..	0	0	0	1	0	0
Справді шкода, що не можу гуляти вночі	0	0	0	1	0	0
Трохи сумно спостерігати в барчику за тим, як симпатичні українки років по 20 заливають до стрьомних старих іноземців.	0	0	0	1	0	0
Ненавиджу залишатись на одинці із собою, з своїми думками, єдне до чого це призводить так до депресії.	0	0	0	1	0	0
все що ти маєш і любиш – усе воно буде боліти.	0	0	0	1	0	0
Та й таке  Перепрошую, якщо образила	0	0	0	1	0	0
хочеться випити і виплакатись комусь.	0	0	0	1	0	0
В мене серце розривається дивитись на це перелякане створіннячко	0	0	0	1	0	0
*останній реплай, шоб ти думав, ніби я повірила*	0	0	0	1	0	0
/ І тільки в грудях залишились / Любов і біль, сердеч..	0	0	0	1	0	0
сумна історія про те як мій екс-стоматолог, що в стані алкогольного сп'яніння збив насмерть людину на пішохідному переході, досі працює.	0	0	0	1	0	0
сумна історія про безсоння і першу пару	0	0	0	1	0	0
маю бажання зустріти цей рік один-одіньошенька ;)	0	0	0	1	0	0
І від того я ще більше розревілась.	0	0	0	1	0	0
на відео бабуся...10 років тому...так гарно виглядає..все таки час безпощадний((	0	0	0	1	0	0
						
						
Хочу з Ірончиком до тебе в київ.	0	0	0	1	0	0
обідно що завдання я виконала а мені нахамили, бо я відмовилась співпрацювати і роботу мою використали	0	0	0	1	0	0
Скільки героїв, і як мало ми про них знаємо.За мирне небо,ось уже скільки років - один день для подяки і свята "Перемоги".	0	0	0	1	0	0
в мене, на жаль, такого немає((	0	0	0	1	0	0
я більше не зможу слухати Фіолет, як колись...	0	0	0	1	0	0
Чудо, яке ніколи не буде моїм.	0	0	0	1	0	0
нема так погано, щоб не стало ще гірше...ага.	0	0	0	1	0	0
 в совке козла забівалі. і за півом хаділі з бідоном (плаче)	0	0	0	1	0	0
*відчуваю, які в мене холодні руки* *згадую, що ніхто мені їх гріти не буде, тільки рукавиці і чай* *усвідомлюю свою самотність*	0	0	0	1	0	0
зустріла на зупинці симпатичного мальчіка-панка. придивилась в маршрутці - прям молодий Джонні Деп! але іскри немає в очах(( пічаль((	0	0	0	1	0	0
емоційний стан, як вчора ввечері, тільки ще гірше.	0	0	0	1	0	0
всьо. мене муче совість за малчіка того. якщо не прийде завтра на консультацію, то замуче остаточно і безповоротно. смуток і журба.	0	0	0	1	0	0
переписуюсь з однокласником і згадуємо шкільні часи. як прикро, шо про них лишається тільки згадувати. і не вернутись туди. ніколи.	0	0	0	1	0	0
поговорила вчора з бабцею, вона напустила на мене депресію	0	0	0	1	0	0
Дякую:) жаль часу і натхнення трохи нехватає . . .	0	0	0	1	0	0
ще рік тому ми писали про п'яних і орущих ведевешників у фонтанах. сьогодні вітаємо. це дуже сумна історія.	0	0	0	1	0	0
Певно я нiколи не зрозумiю цей свiт	0	0	0	1	0	1
шкода шо часи моєї любови до секонд рівер минули. так би на концерд пішла.	0	0	0	1	0	0
зараз би випадково розплакатись, бо зрозуміла, що скучила))0)	0	0	0	1	0	0
шкода адекватних українських кримчан. шкода кримських татар.	0	0	0	1	0	0
і з такими обертами долара відчуваю буде ще дорожче до лютого(	0	0	0	1	0	0
Найскладніший розрив в моєму житті був вчора, коли з Книжкового Арсеналу довелося виходити.	0	0	0	1	0	0
щоразу як оновлюється Скайп хочеться плакати і щоразу все більше плакати	0	0	0	1	0	0
відрізала собі шлях до "щастя" п'ятничним збіговиськом. тепер сиджу слухаю -piensas ya en el amor- і майже плачу. ех.	0	0	0	1	0	0
Ранок жахливий як нова баба колишнього	0	0	0	1	0	0
це я по першій сторінці пробіглась а так як стало тепер дуже сумно то у мене все спіть спокійно.	0	0	0	1	0	0
- що сталося? - життя сталося.	0	0	0	1	0	0
Го в тг, говорити по телефону немає бажання	0	0	0	1	0	0
а я вчергове журюся тим, шо у світі бракне простих слів і відкритості, замість дурних слів-вербалізаторів, а то й простої звірячої радості.	0	0	0	1	0	0
но найгірший і да найпоширеніший варіант вони взагалі поняття не мають, що таке країна. чи Батьківщина. чи бАтьківщина. який стид.	0	0	0	1	0	0
сумна історія про те як я другий тиждень не можу зрушити із сто тридцять третьої сторінки бота. нуже.	0	0	0	1	0	0
це теж могло би бути смішно аленє (	0	0	0	1	0	0
найгірше що я хочу спати. а я не мала б хотіти спати. я виспалась. це валер'янка(	0	0	0	1	0	0
О, скільки б я хотіла та могла, але , на жаль , залишилась одна - то чуства коли слова з реклами звучать слішком слішком печально	0	0	0	1	0	0
На стільки не впевнена в собі, що розчаровуюсь і сумніваюсь в своїх діях навіть у сексі.	0	0	0	1	0	0
нема бажаючих народитись взагалі, ну) *хоча це сумно, бо люди звідтам хороші	0	0	0	1	0	0
іноді та, саме так і хочеться. а іноді прост нема з ким)	0	0	0	1	0	0
Жаль, там милашка головний герой, можна поплакати через смерть *спойлер* і така мощьна любовна лінія А взагалі подивися "Love, Simon"	0	0	0	1	0	0
Вова пожалів. тепер вона мене боїться.	0	0	0	1	0	0
починається серпень...як підсумок літа...як підсумок мрій та бажань...ще теплий але вже не ніжний, йому у спину дує Осінь...	0	0	0	1	0	0
сумна історія про те як два слова спокійної ночі можуть бути буквальними в залежності від території куди відправляється смс.	0	0	0	1	0	0
смисла жизні би не мав.	0	0	0	1	0	0
А ше вчора випадково купила сендвіч з м'ясом і мені від нього погано було, коли я його їла.	0	0	0	1	1	0
повір, у нас репертуар куди гірший.	0	0	0	1	0	0
поганий фільм, 5хв, а я вже плачу)))	0	0	0	1	0	0
Мені ніби лише 17 а я відчуваю себе старою.	0	0	0	1	0	0
Дивитися в дзеркало і розуміти, що уродіна.	0	0	0	1	0	0
Це означає, шо я плачу і всьо.	0	0	0	1	0	0
від сліз очізапухли і не бачать, яку кнопочку нажимать	0	0	0	1	0	0
жаль нема кухні на роботі :( а сама не піду обідати...чекаю всіх	0	0	0	1	0	0
А можна я вже здохну й не мучитимусь?	0	0	0	1	0	0
саме гірше що мене це вже не дивує( RT Только в Японии / Общий / SpyNet - Спайнет	0	0	0	1	0	0
(насправді хочу назад в ковдру, спатки. все життя)	0	0	0	1	0	0
						
Не можу позбутися почуття пригніченості.	0	0	0	1	0	0
мені реально сьогодні шкода було півсотні за гру. півфінал був кращий. металурги втикали размінку.	0	0	0	1	0	0
Хочеться побільше днів з друзями, щоб сміятись, веселитись.	0	0	0	1	0	0
але такий сум в очах(	0	0	0	1	0	0
половина дня класно,а друга - скучаю на дивані))	0	0	0	1	0	0
не можу зібратись в купу((	0	0	0	1	0	0
Прийшов понеділок і стало тяжко і зовсім не весело. . .	0	0	0	1	0	0
сумна історія про те що гичівський сумденьсум можна слухати вічно	0	0	0	1	0	0
звичайний день, бувають і гірші	0	0	0	1	0	0
шось я цей момент упустила і не насолодилась сповна(	0	0	0	1	0	0
ще ніколи такого не було. і це ж завтра буде ще гірше.	0	0	0	1	0	0
теплий день, а я на роботі.	0	0	0	1	0	0
шкода :) всього 5мб лишилось))	0	0	0	1	0	0
Запізнююсь на фотосесію. . .	0	0	0	1	0	0
"вигорілі" мами - це дуже сумно	0	0	0	1	0	0
Спати хочеться,коли немає на це часу.Хочу заснутись і забутись. . .	0	0	0	1	0	0
А потім стається неочікуване, все йде шкереберть...	0	0	0	1	0	0
Божечко, що ж вони так...	0	0	0	1	0	0
Понюхать море мені цього року не світить.	0	0	0	1	0	0
Мене шось то пригнітило дужи (	0	0	0	1	0	0
а шо, в жизні є ше якийсь сенс?	0	0	0	1	0	0
В домі хвора дитина - Наталочка не спить.	0	0	0	1	0	0
шкода, що народитись і жити трохи геть різні поняття. бо шото ми навіть не так вже й паршиво стоїмо.	0	0	0	1	0	0
так хочеться в кіно і нічо нема цікавого. там якийсь жахливчик з 31 березня і то хз. хештеги рівне дно кіно доміно	0	0	0	1	0	0
вчора жахливо тормозив, в мене.	0	0	0	1	0	0
шкода, що мені не вдасться :с  але влітку, мабуть, буду в вінниці, тому маємо розвіртуалитися :з	0	0	0	1	0	0
Хотіла 9 грудня поїхати на концерт, а натомість сидітиму дома і буду запивати горе вином.	0	0	0	1	0	0
це в мене впав рудий фіст ((((	0	0	0	1	0	0
після бон вояжу треба зважитись. в мене таке відуття, шо я вже важу тонну	0	0	0	1	0	0
Мені треба очі закапати, а капельки печуть(	0	0	0	1	0	0
Пару тижнів жила, як овощ, і тепер звичайний зайнятий день викликав нервове перезбудження.	0	0	0	1	0	0
жаль мій фотік був вчора без карточки :(	0	0	0	1	0	0
Поки дійде то буде вже несмачна	0	0	0	1	0	0
Погано, коли в інших людях плутаєш поверхневість з глибиною.	0	0	0	1	0	0
Польща з вірогідністю 99% нажаль	0	0	0	1	0	0
Але вечеря вчора була гірша: спочатку піца в Авеню,потім літр розчину марганцівки.	0	0	0	1	0	0
навіть спати не хочеться:( фізично	0	0	0	1	0	0
Знову почуваюся неповноцінно поряд з іншими.	0	0	0	1	0	0
найгірше, що тепер джигар змусе їздити мене в шльомі. ну і гіпс заважає нормально гачкувати.	0	0	0	1	0	0
журба, не хочу там жити	0	0	0	1	0	0
А найгірше - що вона лише тяжчає з кожним роком.	0	0	0	1	0	0
аж плачу через нашого Жана. обідно шо просто хана.	0	0	0	1	0	0
Коли зранку спиш, а тобі дзвонять з панічними вигадками про екзамен, то волею-неволею переймаєшся ними теж.	0	0	0	1	0	0
мінутка грусті за тих, хто завтра йде в школу.  мені вас шкода.	0	0	0	1	0	0
а мій 800 твіт я присвячую безвиході. безвихідь-твій супутник по життю. безвихідь не потрібно купляти - вона і так є.	0	0	0	1	0	0
і взагалі в "анні кареніній" мені найбільше шкода фру-фру. біднятко.	0	0	0	1	0	0
подумала: треба не жаліти собі і купити нарешті пудру і в ту ж мить впала стара пудра ...і залишки розсипались на коврик((	0	0	0	1	0	0
Дуже сумую, коли в приміщенні старих будинків, влаштовують продуктові магазини... із зеленими вітринами:(	0	0	0	1	0	0
до тла згорів останній шмат надії, розвіяв вітер й попелище	0	0	0	1	0	0
Сама дуже хочу сходити, але не виходить через роботу.	0	0	0	1	0	0
ех...завжди пропускаю все найцікавіше...(дівчатам треба швидше вчитись збиратись)	0	0	0	1	0	0
Знов загальне фото з класом буде без мене((	0	0	0	1	0	0
Говорити без матів, і тим більш сурдика нізя  Звучить скучновато	0	0	0	1	0	0
5 квітня 1910 року - день, коли померла романтика на французьких вокзалах.	0	0	0	1	0	0
не пам`ятаю хто писав, але сто проц відшила.  жаль.	0	0	0	1	0	0
дитячі зуби зробили мій день сумним.	0	0	0	1	0	0
Тільки тут вперше пожаліла, що не вмію готувати борщ і не можу ним напхати камарадок.	0	0	0	1	0	0
на "один день" ридала і вмивалася слізьми	0	0	0	1	0	0
Якась мені вся їжа без смаку :(	0	0	0	1	0	1
господи, яка сумна новина гг  P.S. вітаю, жити стало спокійніше.	0	0	0	1	0	0
і мені весь цей час було сумно і погано. я плакала ночами в подушку і пила валокардін жменями.	0	0	0	1	0	0
дуже погано себе почуваю, тому вже йду спати. здається, захворіла.	0	0	0	1	0	0
шось не клеїться у моїм житті.	0	0	0	1	0	0
занадто втомилася. занадто погано почуваюся. занадто пливе в очах і стріляє в голові. занадто багато роботи.	0	0	0	1	0	0
Дівчата сказали, шо я худа і плоска :D шо вони хочуть на дієту сісти, але бояться скотитись до моєї ваги :D	0	0	0	1	0	0
не треба було так довго спати, тепер болить голова.	0	0	0	1	0	0
Лєна в ужасних гетеромоногамних стосунках((	0	0	0	1	0	0
Хочеться мати людину, якій можна подзвонити о третій годині ночі і розповісти про все, що мене тривожить.	0	0	0	1	0	0
Від новин підірвало дах,  Брат на брата - найбільший жах,  Ті брати тепер - я і ти,	0	0	0	1	0	0
В мене теж плечі широкі і того я за чорну переживаю :/	0	0	0	1	0	0
До речі, я так ржала з  , він обпік собі ногу.	1	0	0	1	0	0
Дратую людей ниттям і чєрєзмерною для меее ванільністю	0	0	0	1	0	0
груснінько, але зате страждаємо разом))0)	0	0	0	1	0	0
Стів Джерард має ордер. я колись заміж за нього збиралась і гуглила інфу, хаха то він уже був одруженим тоді, печаль да(	0	0	0	1	0	0
тепер мені трішечки сумно без аднакласніків	0	0	0	1	0	0
10 хвилин у шкільний їдальні - і моє волосся пропахло смаженим.	0	0	0	1	1	0
Як же хочеться у відпустку, а її нема.	0	0	0	1	0	0
остання година відпустки....найгірше моє літо	0	0	0	1	0	0
але це шо в нього завше такі сумні тексти були (навіть ті шо несумні) *риторичне	0	0	0	1	0	0
Котеня залізло в підвісний унітаз (в дірку ззаду) і застряло((( пиляєм унітаз.	0	0	0	1	0	0
маю даже реальний печальний приклад однієї дівчинки	0	0	0	1	0	0
Завтра в школі кермес (празнік жизні і дітей), а я на нього не потрапляю.	0	0	0	1	0	0
Та чого ж, може стати гірше.	0	0	0	1	0	0
так) і в цьому вся печаль)	0	0	0	1	0	0
скажіть шось цій жінці, бо мене серце болить за такі фото.	0	0	0	1	0	0
Мені зараз дуже сумно, бо наш старий пес знов попав під роздачу і вже знов на ладан дише( мабуть, це його останні мучєнія(	0	0	0	1	0	0
Якщо ви колись "відрощували" брови, то ви зрозумієте, як мені зараз печально.	0	0	0	1	0	0
Вихідні пролітають наче навіжені :(	0	0	0	1	0	0
Не хочу додому, там понеділок.	0	0	0	1	0	0
думала, прийду додому, трошки посплю, а ввечері - на майдан. але через те відео тільки розплакалась і розізлилась. вже збираюсь	0	0	0	1	0	0
Неловка трохи ситуація, я розтірялась замість того, щоб відповісти «так, ще на роботі, дякую».	0	0	0	1	0	0
аж сльозка побігла. з лівого ока. одна, але моцна.	0	0	0	1	0	0
Вже скучила за музикою .	0	0	0	1	0	0
їду до плємяші, ото я заскучала!	0	0	0	1	0	0
Але не вечір на самоті, коли мені недобре.	0	0	0	1	0	0
Якщо так, то це сумно.	0	0	0	1	0	0
що, вже більше ти не рада? куди пропала пристрасть і любов? тобі всерівно вже,чи він,чи зрада. мовчанка. дихання. і без розмов.  зі старого.	0	0	0	1	0	0
але погодьтесь, це не найгірше, що може наснитись)	0	0	0	1	0	0
відфолов мене повністю. . .	0	0	0	1	0	0
Шось Арсеній якийсь злий сьогодні.	0	0	0	1	0	0
я хочу говорити з людьми, але відчуваю, ніби я набридаю кожному, з ким розмовляю.	0	0	0	1	0	0
хотіла нарешті випити ліки - їх немає. шик. ще й сьогодні під дощем добряче змокла.	0	0	0	1	0	0
ну що ти таке говориш((	0	0	0	1	0	0
Шось нервуюсь і від того шкіра умірає на очах.	0	0	0	1	0	0
Яка, без перебільшення, страшна трагєдія	0	0	0	1	0	0
я перестав — втомився, набридло — робити один ритуал. фотографії І. і це, мабуть, сумно.	0	0	0	1	0	0
Прийде пенсія. . .а друзів нема.всі онлайн...	0	0	0	1	0	0
Але ж то барци, я плакав.	0	0	0	1	0	0
Дуже хочу побігати, але мені шкода робити першу пробіжку в нових кросах в цей дощ і мєрзость.	0	0	0	1	0	0
сумна історія про те як хочеться ТІЄЇ какаушки з ТІЄЮ згущівкою ТАМ. хештег іф'юноввотаймін	0	0	0	1	0	0
Сумую за такими чистотою і порядком в своєму класі...	0	0	0	1	0	0
нема часу я ж зранку до вечора на роботі :))ні вікна, ні вільного дня))	0	0	0	1	0	0
*бо у них немає rss поки і це смуток:журба	0	0	0	1	0	0
хоча от як не пічально це далеко не найгірший (а може навіть і навпаки) чоловік	0	0	0	1	0	0
ішла третя година як я сиділа сама у затишній львівській квартирі і чекала з вісілля хазяєвів.	0	0	0	1	0	0
Але про свій ноутик я ще згадую і сумую за ним :(	0	0	0	1	0	0
куштувала тірамісу в Римі-тануло в роті!Шкода такого в якості сувеніру не привезеш)	1	0	0	1	0	0
Сил моїх і довіри ні до кого не залишилось	0	0	0	1	0	0
мені найгірше було заставити себе лежати в ліжку, але прийшлося змиритися з собою	0	0	0	1	0	0
З'їздили в гори на тандир ;(	0	0	0	1	0	0
Хочу гуляти нічним Києвом, але завтра на роботу.	0	0	0	1	0	0
Шкода шо не можна вам запах сіна і польових квітів затвітити.	0	0	0	1	0	0
Але найгірше-у нас зараз тихий час і я сиджу в темній спальні.	0	0	0	1	0	0
Хоть би хтось пригрозив любить	0	0	0	1	0	0
А вдома знову в сльозах.	0	0	0	1	0	0
замітила що зняті, як примітивний американський фільм((	0	0	0	1	0	0
А в мене в тих кісточки випирали(	0	0	0	1	0	0
І якщо рік назад я припленталася додому перелякано-схвильована у передчутті чогось невідомого, то нині якось важко на душі.	0	0	0	1	0	0
Сьогодні дуже феєрично впала зі сходів, побила ноги так, що боляче навіть вдягати колготи.	0	0	0	1	0	0
сумна історія про те шо я нічо не тямлю в праві і істєрю.	0	0	0	1	0	0
перетреться якось ) не сумуй, сестро	0	0	0	1	0	0
а з приходом весни ...це просто журба	0	0	0	1	0	0
от  накаркав, п'ю каву, зовсім розбита :/	0	0	0	1	0	0
Гірше безсоння це голод :/	0	0	0	1	0	0
От шкода, що ви не в Познані, я теж хочу.	0	0	0	1	0	0
сама я таке не втну...а допомоги годі чекати;(	0	0	0	1	0	0
та найбільше мені жаль малюка в мами на руках, місяці 3 десь має.	0	0	0	1	0	0
ох, як я хотіла піти, але доля грає злий жарт :с	0	0	0	1	0	0
*троха сумний смайлик а може і два*	0	0	0	1	0	0
Скучила за  'ом і його кучериками!	0	0	0	1	0	0
Сумно, але в цьому є своя романтика	0	0	0	1	0	0
скушно без Сітілайта шось. нема від кого пака прочитати.	0	0	0	1	0	0
А ще я маю сісти за уроки, але не можу зібратися і припинити ридати	0	0	0	1	0	0
Я не була в бабусі від листопада:(	0	0	0	1	0	0
Я он на тиждень сама лишилась і вже вмираю	0	0	0	1	0	0
В 2004 в мене померли дід і баба.	0	0	0	1	0	0
Однокласники обговорюють як їм не сподобався 2015рік, дурненькі-чим далі, тим ще гірше.	0	0	0	1	0	0
Але цього року ще гірше зі зв'язком.	0	0	0	1	0	0
шкода. я б своєму могла подарити, але він мені не попався	0	0	0	1	0	0
от діідько ;( тоді в Дінамо шансів канешн ніт.	0	0	0	1	0	0
і ніби й більше менш норм почуваюсь, а температура є	0	0	0	1	0	0
так( мені захотілось обійняти його і пожаліти	0	0	0	1	0	0
ти його не знала,то чого плакати за незнайомою людиною. . .історія дуже схожа,як в моєї бабусі	0	0	0	1	0	0
Закінчився ще один день а це значить Ти скоро підеш І закінчиться моє життя Чи так буже завжди Хей хоч сьогодні не йди.	0	0	0	1	0	0
всім нам притаманна віра у краще, але ми обидва знаємо, що реалії засмучують. то в казках так буває.	0	0	0	1	0	0
Я от шкодую, що не став пайтоністом.	0	0	0	1	0	0
Ох, як же я сумувала за цими теплими словами в смс від вас	0	0	0	1	0	0
Так втомивсь, шо немає сил додому їхати.	0	0	0	1	0	0
шкода, чесно кажучи :с закохані ж дійсно милі, коли палку не перегинають(	0	0	0	1	0	0
крім гречки і рису вдома закінчився і інтернет. . .	0	0	0	1	0	0
та я б з радістю, але коли, в мене все загружено	0	0	0	1	0	0
не можу, в мене не буде відпустки:(	0	0	0	1	0	0
так стає мені сумно, коли читаю пости мам в гевешній групі про садочок у 6 місяців.	0	0	0	1	0	0
доброго ранку. . .шось не дуже доброго правда. . .	0	0	0	1	0	0
Я задихаюся від запаху смаженого по всій хаті, бо людям впадло увімкнути витяжку.	0	0	1	0	1	0
якась скатіна куре на вулиці. весь дим до хати. скатіна, не кури.	0	0	1	0	1	0
ну мені ця штука на смак гидотна.	0	0	0	0	1	0
мене вже тошнить від Львова:(	0	0	0	0	1	0
А скільки сміття, коли сходить сніг, мамадарагая.	0	0	0	0	1	0
як же я хочу звалити з цього дому.	0	0	0	0	1	0
там котлета зі свинини, мені не подобається)	0	0	0	0	1	0
щось він мені не подобається-.-	0	0	0	0	1	0
випивша це пів біди...перепила солодкого...буеее	0	0	0	0	1	0
сьогодні в актовому залі школи нам ветеранам школярі програму цілу підготували. більшість номерів - мрія педофіла. голі животи і ноги.	0	0	0	0	1	0
простінька і са вкусом. мать'йо. це навіть гірше реклами пепсі чи чого там з кришечкою в оці.	0	0	0	0	1	0
Випало чомусь саме все таке гидке.	0	0	0	0	1	0
Тобто треба якийсь час, щоб перебороти огиду, якщо вона є.	0	0	0	0	1	0
до мене в ліжко заліз тарган. назву його Коля.	0	0	0	0	1	0
Ковбаску в тісті розігріла - пішов запах зіпсованого м`яса, викинула.	0	0	0	0	1	0
хотіла зауважити -у вашого сайту зараз жахливе юзабіліті.	0	0	0	0	1	0
						
феее. . .як не гарно	0	0	0	0	1	0
У вагоні якийсь токсичний запах :/ приїду з квадратною головою	0	0	0	0	1	0
Ми бачили Богдана Бенюка в трусах)	0	0	0	0	1	0
це жах. а потім таке фото на сайт для збоченців потрапить. боюсь травмувати чиюсь психіку. одного фото вистачить)	0	0	0	0	1	0
аморально виставити таке фото, а дивитись на нього (якщо там є на шо дивитись) - нє))	0	0	0	0	1	0
Це так стрьомно, а в реальному житті не уявляю	0	0	0	0	1	0
Я думаю трішки по іншому, але так, то жах	0	0	0	0	1	0
до скінні одягала і мені ужасужас, ща скину в пп	0	0	0	0	1	0
Я їм огірок, а  обжирається бутєром з м'ясом на моїх очах.	0	0	0	0	1	0
ага, яка потім перейшла в реальне мовлення, на парах це виглядає жахливо!(	0	0	0	0	1	0
гірше за ниття можуть бути тільки розтягнуті лосіни на товстій дєвочці. хатя ключове слово - лосіни.	0	0	0	0	1	0
Смердить пластиком. за ті 20хв, шо я вдома, в мене вже болить голова.	0	0	0	0	1	0
Рожа в нього така ніби він щонайменше людей їсть.	0	0	0	0	1	0
Даааале фільм годний, а серіал гамнішко	0	0	0	0	1	0
Русня перєживаєт, страшніє вєщі тваряцца.	0	0	0	0	1	0
Люди в маршрутці пахнуть якось недобре.	0	0	0	0	1	0
нащо я тебе почала читати.	0	0	0	0	1	0
є дзеркало,в яке хочеться дивитися й дивитися,тіпа няшка, всі діла а є такі,в які коли дивишся,думаєш: як з такою рожою я вихожу на вулицю?!	0	0	0	0	1	0
- нашо ти їла ці гидотні цукерки? - все надіялась шо попадеться якась не схожа на гігієнічну помаду	0	0	0	0	1	0
новий сезон американської історії жахів найбільш гидкий і найбільш цікавий водночас	0	0	0	0	1	0
Вовин сусід по палаті показав камінець, який йому з жовчного міхура витягли, то це жесть.	0	0	0	0	1	0
Люди приходять повтикати до велотреку і лишають після себе гори сміття.	0	0	0	0	1	0
В залі сидить чувіха, яка рже як кобила.	0	0	0	0	1	0
тааа. . .смердить ще гірше :))	0	0	0	0	1	0
смак анісу) я його навіть на запах тєрпєть нінавіжу)	0	0	0	0	1	0
пацани покидали в зал свої мокрі футболки. думаю там під сценою море крові і вирвані патли	0	0	0	0	1	0
цілий день від цієї новини почуваю себе мєрзко.	0	0	0	0	1	0
гірше чорних курточок, брудні черевики малих дітей на руках!	0	0	0	0	1	0
А в мене на задніх рядах штиняє брудною прокладкою	0	0	0	0	1	0
Від того мені менше не смердить))	0	0	0	0	1	0
кажуть, що ми для них такі ж огидні, як і вони для нас. тому з доброї волі вони на тебе не полізли б.	0	0	0	0	1	0
						
Окрошку навіть куштувати не хочу,бо нагадує мені візуально помиї (ніби миску з-під олів‘є помили).	0	0	0	0	1	0
Була купа для, рук, для ніг, для голів...відчувався трупний запах.	0	0	0	0	1	0
Фу як у вас тут мєрзко і холодно.	0	0	0	0	1	0
це не ідіотизм. це жлобство і потворність.	0	0	1	0	1	0
у гарних містах мусить смердіти.Венеція.Львів.	0	0	0	0	1	0
Курить хтось із сусідів, а через вікно затягує і смердить у мене в квартирі.	0	0	1	0	1	0
Ще іноді гнилі люди проскакують, но за сонцем їх слабо видно	0	0	0	0	1	0
Я не хочу бачити триколор на вулицях українських міст.	0	0	0	0	1	0
На на сайті все дико гидке, моделі кривоногі і непропопційні.	0	0	0	0	1	0
Зварила тайський гарбузовий суп на кокосовому молоці з лаймом і кінзою (яку сама ненавиджу).	0	0	0	0	1	0
а мамі не скажу, бо дістану. я ж її не послухала і обжерлася цієї гидоти	0	0	0	0	1	0
Смердюча маршрутка - добити,те що залишилось живим після роб.тижня!	0	0	1	0	1	0
у нас в туалеті часто сиаженою картоплею пахне	0	0	0	0	1	0
така молода, а  вже такі ноги страшні.	0	0	0	0	1	0
я тут навіть води випити не можу, бо зле, а ви ще й орео в стрічку кидаєте:с	0	0	0	0	1	0
Але мабуть геть гнилі вже))	0	0	0	0	1	0
уявити свого інтелігентного і вихованого прутня в писку якої-небудь почвари було понад мої сили...(с) винничук такий винничук	0	0	0	0	1	0
я лежу під каштаном......собаки їдять моє тіло :D	0	0	0	0	1	0
Прокинулась від запаху диму в хаті.	0	0	0	0	1	0
піду помию посуд і вода змиє той осад гидотний. зачємзнімать таке кіно. зачєм було дивитись. то ж читала рецензію. нє, тра пересвідчитись.	0	0	0	0	1	0
дивно, що в них цього року прем'єра не з 8 березня	0	0	0	0	0	1
Думаю, чому на мене так люди дивляться.	0	0	0	0	0	1
А так як мені ніколи майже нічого не сниться,то це дивно.	0	0	0	0	0	1
- Тобі не вистачає цукерок?	0	0	0	0	0	1
Подивилась"Дівчину з Данії" і тепер просто не розумію чому фільм не отримав Оскар	0	0	0	0	0	1
І що цікаво (насправді ні) мають підтримку.	0	0	0	0	0	1
БОЖЕ, ТАНЯ, ти мужик, чи ні? припини нити і йди спати.	0	0	0	0	0	1
щічки горять...хто там мене згадує,га? :))	0	0	0	0	0	1
ніколи б не подумала, що ми настільки різні)	0	0	0	0	0	1
боже, боюсь зглазити, але до мене прийшло азарєніє! і якшо це дійсно воно, то я нарешті закінчу жовтневий алко-місяць	0	0	0	0	0	1
сьогодні проснулась з мисльою "де я?", аж потм до  мене дошло шо я за сотню км від дому і я у дівчини	0	0	0	0	0	1
Звідки я можу знати цю пісню???	0	0	0	0	0	1
Автокорект тим часом пропонує написати 'приємно знати, що у цьому світі є євро' Цей телефон таки щось про мене зрозумів за три місяці користування!	0	0	0	0	0	1
не знала, що між ними щось є:)	0	0	0	0	0	1
А ти був чемним цього року!?	0	0	0	0	0	1
вау, ну така фатальність точно має закінчитись в ту ж мить, як почалась	0	0	0	0	0	1
А знаєте, що не дивно?	0	0	0	0	0	1
Якось странно, шо мені сподобався хлопець і він басист.	0	0	0	0	0	1
тому, що ти там працюєш?	0	0	0	0	0	1
Скоріш, це вона мене вразила.	0	0	0	0	0	1
не знала що можна пиво заміняти квасом:)	0	0	0	0	0	1
І як в неї це получаєтця???	0	0	0	0	0	1
і   це ретвітнув...? воу воу...	0	0	0	0	0	1
мене наразі цікавить звідки і чому 80? для більшого ТРАГІЗЬМУ, чи ще для чого?	0	0	0	0	0	1
Класно, не знала, що їх кілька було	0	0	0	0	0	1
На мене ВНЄЗАПНО звалилася ще одна вакансія.	0	0	0	0	0	1
Чому Борис Михайлов російський фотограф	0	0	0	0	0	1
ми так давно не вилазили в місто вдвох, що аж дивно.	0	0	0	0	0	1
Це дуже дивно — знати те, чого не було насправді.	0	0	0	0	0	1
Якось це трохи дивно звучить.	0	0	0	0	0	1
Якось дивно всетаки, якщо пм буде на мітингу зі шпицями	0	0	0	0	0	1
Як би я особисто не любив би Луценка, але це вчинок.	0	0	0	0	0	1
невже це таки сталось? ти його нарешті скачав?	0	0	0	0	0	1
ууууу вапщє не така як я уявлялаааа	0	0	0	0	0	1
ми дивились фільм, де майже 50річний Менсон грав підлітка)))	0	0	0	0	0	1
о, це ж тобі вже їісти можна) який ефект помітила?)	0	0	0	0	0	1
Не розуміла, чому вже другу годину не можу заснути, а це ж "Приват" націоналізують.	0	0	0	0	0	1
так дивно читати про тебе водія))	0	0	0	0	0	1
Бачили, як з під шконаря закукурікало?	0	0	0	0	0	1
ой, що? що? що? що?	0	0	0	0	0	1
в чому аж так багато?	0	0	0	0	0	1
Не уявляю як ним їздити по Львову :) в Дубні я їду по тротуарах:)	0	0	0	0	0	1
а я думала таке тільки в мемах буває	0	0	0	0	0	1
Як можна їсти лежачи рідке молоко і при цьому спати?	0	0	0	0	0	1
- Як ні в кого?	0	0	0	0	0	1
о! це те що треба!))	0	0	0	0	0	1
не знала, що ти вже мама)	0	0	0	0	0	1
мені просто цікаво, за рахунок чого ви пропонуєте підняти рівень зарплат?	0	0	0	0	0	1
це дуже дивно, що ми де про тебе не говорили.	0	0	0	0	0	1
Шо за ничиста сила із супу всміхаєця!?	0	0	0	0	0	1
невже це нарешті сталося зі мною...?	0	0	0	0	0	1
З якого це дивна купу людей запитало сьогодні як я себе почуваю?	0	0	0	0	0	1
шо бери. . .як нічо не дають	0	0	0	0	0	1
навіть мене не захочеш бачити ?	0	0	0	0	0	1
випила води, стало погано.  що за дічь?	0	0	0	0	0	1
Такого я ще не бачила, аж цікаво.	0	0	0	0	0	1
чекайте, а як ви знали,що вони вже прийшли? думала пошта не працює на свята.	0	0	0	0	0	1
укрпошта прям як ракєта, аж дивно	0	0	0	0	0	1
сьогодні на Московіаді з відкритим ротом спостерігала за руками одного актора. такі вже вони в нього експресивні були!	0	0	0	0	0	1
це компліменти у тебе такі?	0	0	0	0	0	1
ХЕЕЙ, та мені ж цікаво	0	0	0	0	0	1
Чого у Львові такі страшні баби?	0	0	0	0	0	1
Виявилось, що це БІЛКА за вікном!	0	0	0	0	0	1
І от подивилась і мені цікаво - з чого ти робила такі висновки?	0	0	0	0	0	1
Досить дивно, що не трапило на очі і навіть не чув нічого за такий шкандаль.	0	0	0	0	0	1
  хорор наніч   не втомлююсь дивуватись людям	0	0	0	0	0	1
А от щоб просто молода пара через батьків розходилась- то дивно мені	0	0	0	0	0	1
Двічі в одне і те ж місце?	0	0	0	0	0	1
От не можу понять, це я на сьільки страше виглядаю, чи для мужичків норма ліпнуть до малолєток?	0	0	0	0	0	1
Відкриваю один і не розумію,чому до мене звертаються на ім'я Олеся.	0	0	0	0	0	1
Зовсім не відчуваю, що мені вже завтра їхати.	0	0	0	0	0	1
Чого в мене зараз таке відчуття, ніби я збила пішохода і втікла з місця аварії	0	0	0	0	0	1
сподівався по тихому удєльноє княжєство собі зарубати. но что-то пошло нє так.	0	0	0	0	0	1
Дивний факт: Euronews|Russian теж ватний аж скрипить.	0	0	0	0	0	1
мені також дивно з обурень про ех.uа))	0	0	0	0	0	1
а я не впізнала Романа —буде багатий	0	0	0	0	0	1
Найдивовижніша відповідь яку я отримала бо не зрозуміла,що означає	0	0	0	0	0	1
То він так швидко приїхав?	0	0	0	0	0	1
ніколи не думала, що буду на нетбуці моделити і креслити... страшно андроїд купляти))	0	0	0	0	0	1
Зайшло ок, думав буде сильно гірше	0	0	0	0	0	1
- ну ви і чудики!	0	0	0	0	0	1
Ти думав все так просто буде?	0	0	0	0	0	1
5 локацій в одному приміщенні?	0	0	0	0	0	1
Шо ж так важко це запам'ятати ?	0	0	0	0	0	1
хіба в цих фактах є щось аморальне ???	0	0	0	0	0	1
Чому цей прекрасний бар закривається о першій??	0	0	0	0	0	1
Дивно, та чим далі живемо тим рідніші стали.	0	0	0	0	0	1
Вітаються зі мною на вулиці. . .я посміхаюся . . .і не знаю, хто це))	0	0	0	0	0	1
Круто! погуглила то там і підйомники є!	0	0	0	0	0	1
Не знаю,яким дивом, але я проснулась вчасно:)	0	0	0	0	0	1
як ти досі не поїхала? ;)	0	0	0	0	0	1
внізапно побачила чоловіка  топлєс.тоїсть в рушникові. на вулиці. тоїсть в центрі міста *цікаво як жіноча половина дєвішнік святкує	0	0	0	0	0	1
Навіть не знаю, як він так вгадав)	0	0	0	0	0	1
- Чого дівки називають себе бабами, а коли їх  пацан так називає, то вони бісяться?	0	0	0	0	0	1
І з якого дива в мене сьогодні п'ятниця?	0	0	0	0	0	1
хто би міг подумати...нема нормальної позитивної фотки...де я сама)	0	0	0	0	0	1
ок, труся, я тебе недооцінювала, твіт за 10 жовтня. серйозно?	0	0	0	0	0	1
Цікавих випадків було більше  Не здається?	0	0	0	0	0	1
Світло у вагоні не виключають. . .дивно	0	0	0	0	0	1
думала здалося...вперше побачила просто, а всі тільки про них і говорять.	0	0	0	0	0	1
От і я над цим часто задумуюсь...нащо?	0	0	0	0	0	1
ооо, і цей мені пише	0	0	0	0	0	1
Славко пише такі твіти ніби все життя не жив в Україні і тепер його це дуже дивує... а чи жив чи не жив?	0	0	0	0	0	1
Я спочатку аж стала, як укопана бо думала Оля йде.	0	0	0	0	0	1
У мене якось так дивно вени видно.	0	0	0	0	0	1
						
неочікувано:) може спочатку б на побачення?	0	0	0	0	0	1
ох нічого собі, мавка, ти красава)	0	0	0	0	0	1
чому всі так .... на Esquire?	0	0	0	0	0	1
це дуже странно - включити комп і не включити ворд.	0	0	0	0	0	1
як це нема такої моди?	0	0	0	0	0	1
обоже, це ж якій к-сті твіттерян він сниться!	0	0	0	0	0	1
Шо могло бути дивнішим за це?	0	0	0	0	0	1
Щиро не розумію, як усі ці люди навколо мене сплять.	0	0	0	0	0	1
це за цього шефа з котрим в тебе внезапний роман?	0	0	0	0	0	1
це випадковість, хіба не зрозуміло? і українська розкладка в мене є	0	0	0	0	0	1
Дивно, невже в HR сезон відпусток?	0	0	0	0	0	1
значить лякать стрьомом мона, а притусовуватись нє?	0	0	0	0	0	1
Після ейрфорсів взула 999ньюбеленси і в них якось дивно ходити.	0	0	0	0	0	1
странна но можедаже і приятна історія про те як я знаю одну пісню дорна і то не його авторства.	0	0	0	0	0	1
Не помічала за собою такого, але все ж	0	0	0	0	0	1
о_О а до 4ранку хто рендерив вчора!!	0	0	0	0	0	1
моя кофта досі пахне тобою, дивно.	0	0	0	0	0	1
RT : Опа - день народження?!	0	0	0	0	0	1
Я якось в одному із закладів Рівного попросила зробити каву без кофеїну, то на мене подивились як ніби я попросила стаканчик крові дракона	0	0	0	0	0	1
Я таких злих людей давно вже не бачила	0	0	0	0	0	1
гхм.. цікаво. це де таке?	0	0	0	0	0	1
- Чому тільки пів 4, а вже так темно?	0	0	0	0	0	1
чувак дуже дивно дивиться на мої забиті костяшки.  ніколи дівчину з робитими руками не бачив?:D	0	0	0	0	0	1
а як ти їх впізнала?:)))) - один в купе це сильно!хтось по дорозі приєднався?	0	0	0	0	0	1
Стартапи в Черкасах - вони існують!	0	0	0	0	0	1
Трохи дивно, коли проходиш повз заправочну станцію, а там з ніг збиваючі аромати домашньої випічки.	0	0	0	0	0	1
Ви не повірите, але виявилося, що мій кіт заробив за 15 років і чесно придбав 200 квадратних метрів елітного житла.	0	0	0	0	0	1
не понімаю, що тим мужикам не вистачає!!! :(	0	0	0	1	0	1
а взагалі, дивно шо мені раніше прийшло :D	0	0	0	0	0	1
Оце так гості в Черкаси їдуть!	0	0	0	0	0	1
цікаво що у православних є 8 гріх - сум у католиків він замінений на заздрість... ...але знань мені бракує, треба щось почитати про таке	0	0	0	0	0	1
от ще цікаво, як деякі люди здатні настільки організовано все встигати? серйозно, хочу таку суперсилу.	0	0	0	0	0	1
вчора подумала: це ж можна вже в чоботах ходити!	0	0	0	0	0	1
В мене ледь очі не випали, коли я побачила, що вона в Києві	0	0	0	0	0	1
Дивний такий, щось там торохтів.	0	0	0	0	0	1
дивна якась ця історія з гаманцем. . .	0	0	0	0	0	1
Так дивно бачити старого Олівера о.о	0	0	0	0	0	1
ляя тебе шо навчити нормально освідчуватись?	0	0	0	0	0	1
Я уявляла що це значно складніше.	0	0	0	0	0	1
ліл. ви самі реально, без стьобу в це вірите? серйозно?	0	0	0	0	0	1
спочатку я була трохи скептично налаштована проти "Магаричів", але хлопці відмочили)) щей гонили на вічну тему "Ви Ро Би";)	0	0	0	0	0	1
в мене була гірша думка про них	0	0	0	0	0	1
як сталось, що такий класний хлопець програв вибори? злочинні олігархи обдурили народ? так Міхо ж усіх пересадив, чи як?	0	0	0	0	0	1
Дивуюсь тим філологам, бо вони знають як і що правильно пишеться, що з чим вживається, всі можливі застарілі слова, "respect" одним словом!	0	0	0	0	0	1
Це так дивно  Прям цікаво..	0	0	0	0	0	1
Я 9:20: ааааааа, всмислі вже 9:20?!?!?!?!?!	0	0	0	0	0	1
так, його стиль неймовірний. якось трохи послухала "Лоліту"	0	0	0	0	0	1
а як може бути балкон на першому поверсі, а?	0	0	0	0	0	1
а то як так, шо 50% цитат, що ви наскидали, - про любов?	0	0	0	0	0	1
Не знала про цього бота для паспортів.	0	0	0	0	0	1
 ого неочікувано:D поповнила свою колекцію читабельності мого прізвища.	0	0	0	0	0	1
Непристойно швидка і неочікувана покупка.	0	0	0	0	0	1
мені здалося, чи ти чуть не сказав Оля Білочка, замість Оля Супрун? )))	0	0	0	0	0	1
дивно, що у словниках нема слова „першоопис“.	0	0	0	0	0	1